00000
00001
00002
00004
00007
00008
00010
00011
00012
00014
00015
00016
00017
00019
00020
00021
00024
00025
00026
00029
00030
00031
00032
00033
00034
00036
00038
00040
00042
00043
00045
00046
00048
00049
00050
00052
00053
00054
00056
00057
00059
00060
00061
00062
00063
00064
00065
00066
00067
00068
00069
00072
00073
00074
00075
00076
00077
00078
00079
00080
00082
00083
00085
00086
00088
00090
00091
00093
00094
00095
00096
00097
00099
00100
00101
00102
00103
00104
00105
00107
00109
00110
00111
00112
00114
00117
00118
00119
00120
00122
00123
00124
00126
00127
00128
00129
00130
00131
00132
00133
00136
00137
00138
00139
00140
00141
00143
00144
00146
00147
00148
00150
00151
00153
00155
00156
00157
00159
00160
00161
00162
00163
00165
00167
00168
00171
00174
00175
00176
00177
00178
00180
00182
00183
00185
00186
00187
00189
00190
00191
00192
00194
00195
00196
00197
00198
00199
00201
00202
00203
00204
00205
00206
00207
00210
00211
00213
00214
00218
00219
00220
00222
00224
00225
00226
00227
00228
00229
00230
00231
00232
00234
00237
00238
00239
00241
00242
00244
00245
00246
00247
00248
00249
00250
00252
00254
00255
00257
00258
00259
00260
00262
00263
00269
00270
00271
00274
00276
00278
00279
00280
00281
00282
00283
00284
00285
00286
00287
00289
00290
00293
00294
00295
00296
00297
00298
00300
00301
00302
00306
00308
00310
00311
00312
00313
00315
00317
00320
00321
00322
00323
00324
00325
00326
00327
00328
00329
00330
00331
00333
00334
00335
00336
00337
00338
00339
00340
00341
00342
00343
00344
00348
00349
00351
00352
00354
00355
00356
00357
00358
00359
00360
00361
00362
00363
00364
00366
00367
00368
00369
00372
00375
00377
00378
00379
00382
00383
00384
00385
00386
00389
00390
00392
00393
00394
00396
00397
00398
00399
00403
00406
00408
00409
00410
00411
00412
00416
00419
00420
00421
00422
00423
00425
00426
00427
00429
00430
00431
00432
00433
00434
00435
00436
00437
00438
00439
00440
00441
00442
00443
00444
00445
00446
00447
00449
00452
00453
00454
00455
00457
00458
00459
00460
00462
00464
00466
00467
00468
00469
00471
00472
00473
00474
00476
00477
00478
00479
00480
00481
00484
00485
00487
00488
00489
00490
00492
00494
00495
00496
00497
00498
00500
00501
00504
00505
00506
00507
00508
00509
00510
00511
00516
00518
00519
00520
00522
00523
00524
00525
00526
00527
00528
00529
00530
00535
00536
00539
00540
00541
00543
00544
00547
00549
00550
00551
00552
00554
00555
00556
00557
00558
00559
00560
00562
00563
00564
00566
00567
00568
00569
00570
00571
00572
00573
00574
00575
00576
00577
00578
00579
00580
00581
00583
00584
00585
00586
00588
00589
00590
00591
00592
00593
00594
00595
00596
00598
00599
00600
00601
00603
00604
00605
00606
00607
00608
00609
00611
00612
00615
00616
00617
00618
00619
00621
00623
00627
00628
00629
00630
00631
00632
00633
00634
00636
00637
00641
00642
00643
00644
00645
00647
00648
00650
00651
00652
00654
00655
00656
00658
00659
00660
00661
00663
00664
00665
00668
00669
00670
00671
00672
00673
00674
00675
00676
00677
00678
00680
00681
00682
00684
00685
00686
00687
00688
00690
00691
00692
00693
00694
00695
00696
00697
00698
00700
00701
00702
00703
00705
00706
00707
00708
00709
00710
00712
00715
00716
00717
00719
00720
00721
00722
00723
00724
00726
00727
00728
00729
00730
00731
00732
00733
00734
00737
00738
00739
00741
00742
00743
00746
00747
00748
00749
00750
00751
00752
00753
00754
00755
00757
00758
00760
00761
00762
00763
00764
00765
00766
00767
00768
00769
00770
00771
00772
00773
00774
00777
00779
00780
00781
00782
00784
00786
00787
00788
00789
00790
00791
00792
00794
00795
00796
00797
00798
00801
00802
00803
00805
00806
00807
00808
00810
00811
00813
00814
00815
00818
00821
00822
00823
00824
00825
00826
00827
00829
00830
00832
00833
00835
00836
00837
00838
00839
00840
00842
00845
00846
00848
00850
00851
00852
00853
00855
00856
00857
00859
00862
00864
00865
00866
00867
00868
00870
00871
00872
00874
00875
00876
00877
00879
00880
00882
00884
00885
00886
00887
00889
00890
00891
00892
00893
00895
00897
00898
00900
00901
00902
00903
00905
00906
00907
00908
00909
00910
00911
00912
00913
00914
00915
00916
00917
00918
00919
00920
00921
00922
00925
00926
00927
00928
00930
00931
00932
00933
00934
00935
00937
00938
00939
00941
00942
00943
00946
00947
00949
00953
00955
00957
00958
00959
00962
00963
00964
00967
00968
00969
00971
00972
00973
00974
00975
00977
00978
00979
00980
00981
00982
00983
00984
00985
00986
00987
00988
00989
00990
00993
00994
00995
00996
00997
00998
00999
01000
01002
01003
01005
01006
01007
01008
01010
01012
01013
01014
01017
01019
01023
01025
01026
01027
01028
01030
01031
01032
01033
01035
01037
01040
01043
01044
01045
01046
01047
01048
01049
01050
01052
01053
01054
01057
01059
01060
01063
01064
01065
01066
01068
01070
01073
01074
01075
01076
01077
01079
01080
01081
01082
01085
01086
01087
01088
01089
01090
01091
01092
01095
01097
01099
01102
01103
01104
01105
01106
01107
01109
01110
01111
01112
01113
01114
01116
01117
01118
01119
01120
01121
01122
01123
01124
01125
01126
01127
01128
01129
01130
01131
01132
01133
01134
01136
01138
01139
01141
01143
01144
01145
01146
01147
01148
01149
01150
01152
01153
01154
01155
01156
01159
01160
01161
01162
01163
01164
01166
01167
01168
01170
01171
01172
01173
01175
01177
01178
01179
01182
01183
01184
01185
01186
01187
01188
01189
01191
01192
01193
01194
01195
01196
01198
01200
01205
01206
01207
01209
01210
01212
01214
01215
01216
01217
01218
01220
01221
01223
01226
01228
01229
01230
01231
01233
01234
01235
01238
01242
01244
01245
01246
01247
01248
01249
01250
01251
01252
01254
01256
01257
01258
01259
01260
01262
01263
01264
01265
01266
01267
01269
01271
01272
01273
01274
01276
01277
01278
01280
01281
01283
01285
01287
01289
01290
01294
01296
01297
01298
01299
01300
01301
01303
01304
01309
01310
01311
01313
01314
01315
01316
01317
01320
01322
01323
01325
01326
01327
01328
01329
01330
01334
01335
01336
01337
01338
01340
01341
01342
01343
01346
01347
01348
01350
01351
01352
01353
01354
01355
01356
01357
01358
01359
01360
01361
01362
01364
01365
01366
01367
01369
01371
01372
01374
01375
01377
01379
01380
01381
01383
01385
01388
01390
01391
01392
01393
01395
01396
01397
01400
01401
01403
01404
01405
01406
01407
01408
01409
01410
01411
01414
01415
01416
01417
01418
01421
01422
01425
01427
01428
01429
01432
01433
01437
01439
01440
01441
01445
01446
01447
01448
01450
01453
01455
01456
01457
01458
01459
01460
01461
01463
01465
01466
01467
01468
01469
01471
01472
01473
01474
01475
01476
01477
01478
01479
01480
01481
01483
01486
01487
01492
01494
01495
01496
01497
01499
01502
01508
01509
01510
01512
01513
01515
01516
01517
01518
01519
01520
01522
01524
01526
01527
01528
01529
01530
01531
01532
01533
01534
01535
01537
01538
01540
01541
01542
01544
01545
01546
01547
01548
01549
01550
01551
01552
01553
01554
01555
01556
01557
01558
01559
01560
01561
01562
01565
01567
01568
01569
01570
01572
01573
01574
01575
01576
01578
01579
01581
01582
01583
01584
01585
01587
01588
01590
01593
01596
01597
01598
01599
01600
01601
01603
01605
01609
01610
01611
01612
01613
01614
01616
01617
01618
01619
01620
01621
01622
01623
01624
01625
01627
01628
01629
01631
01632
01633
01634
01635
01636
01638
01639
01640
01642
01644
01646
01648
01650
01651
01652
01654
01660
01661
01665
01667
01668
01669
01670
01671
01672
01673
01674
01675
01677
01678
01679
01680
01684
01686
01687
01690
01692
01693
01694
01695
01697
01698
01699
01700
01701
01702
01703
01704
01707
01708
01710
01711
01712
01713
01714
01716
01719
01722
01724
01726
01727
01728
01730
01731
01732
01733
01734
01735
01736
01737
01741
01742
01743
01744
01746
01747
01748
01749
01750
01751
01752
01753
01755
01757
01760
01761
01764
01765
01766
01767
01768
01769
01772
01777
01779
01781
01783
01785
01789
01790
01791
01792
01793
01794
01797
01798
01799
01800
01801
01802
01805
01806
01807
01809
01810
01811
01812
01813
01814
01817
01818
01819
01820
01821
01822
01824
01825
01826
01827
01828
01829
01830
01831
01833
01834
01837
01839
01842
01843
01844
01845
01846
01847
01848
01850
01851
01852
01853
01855
01856
01857
01858
01859
01861
01862
01865
01866
01867
01868
01869
01870
01871
01872
01874
01875
01876
01877
01878
01880
01881
01883
01884
01885
01886
01887
01889
01890
01892
01893
01894
01895
01896
01899
01901
01902
01903
01904
01905
01907
01908
01909
01911
01912
01913
01914
01915
01917
01918
01920
01922
01923
01925
01926
01927
01928
01930
01931
01932
01933
01934
01935
01936
01937
01939
01940
01941
01943
01944
01946
01947
01948
01949
01950
01952
01953
01955
01956
01957
01959
01960
01961
01964
01966
01970
01971
01972
01975
01976
01977
01978
01979
01982
01983
01985
01987
01988
01990
01991
01992
01994
01995
01996
01999
02000
02001
02002
02003
02004
02005
02006
02007
02008
02009
02010
02011
02013
02015
02016
02017
02018
02021
02022
02024
02025
02026
02028
02029
02030
02033
02034
02036
02037
02038
02039
02041
02042
02043
02046
02047
02048
02049
02051
02052
02053
02054
02055
02056
02057
02060
02061
02062
02063
02065
02066
02068
02069
02070
02074
02077
02078
02079
02080
02083
02084
02085
02086
02087
02088
02093
02094
02096
02097
02100
02101
02102
02103
02105
02106
02107
02108
02109
02110
02111
02113
02114
02115
02116
02117
02118
02119
02120
02121
02122
02123
02124
02125
02126
02128
02129
02130
02131
02132
02133
02134
02135
02136
02137
02138
02140
02142
02143
02144
02146
02147
02148
02149
02151
02153
02155
02156
02157
02158
02160
02161
02162
02163
02165
02170
02171
02172
02173
02174
02175
02176
02177
02178
02179
02180
02181
02183
02185
02186
02187
02188
02189
02190
02191
02192
02193
02194
02196
02197
02198
02200
02202
02205
02206
02209
02210
02211
02214
02215
02216
02218
02219
02220
02223
02224
02225
02228
02229
02230
02231
02232
02233
02235
02236
02238
02239
02240
02244
02246
02247
02249
02250
02251
02252
02253
02257
02260
02262
02263
02264
02265
02268
02269
02270
02271
02272
02273
02275
02276
02277
02278
02281
02282
02283
02284
02285
02286
02288
02289
02290
02291
02293
02294
02295
02296
02298
02299
02300
02301
02302
02303
02304
02305
02309
02310
02311
02312
02313
02314
02315
02317
02318
02319
02323
02325
02327
02328
02329
02330
02331
02335
02336
02338
02340
02341
02342
02343
02344
02345
02346
02348
02349
02351
02352
02353
02354
02355
02356
02357
02358
02359
02362
02364
02365
02366
02367
02368
02369
02370
02372
02373
02374
02375
02379
02380
02381
02382
02383
02385
02387
02390
02392
02394
02395
02397
02398
02399
02401
02402
02403
02404
02405
02406
02407
02410
02411
02412
02413
02414
02417
02418
02419
02421
02422
02425
02428
02429
02432
02433
02434
02437
02438
02439
02441
02442
02443
02444
02445
02446
02448
02449
02450
02454
02455
02456
02460
02461
02462
02463
02464
02466
02468
02471
02472
02473
02475
02476
02477
02478
02479
02480
02482
02483
02484
02485
02486
02487
02488
02489
02492
02493
02494
02495
02496
02497
02498
02499
02500
02501
02503
02504
02506
02507
02508
02509
02510
02511
02512
02513
02515
02516
02517
02522
02523
02524
02527
02530
02531
02532
02533
02534
02535
02536
02537
02539
02540
02541
02542
02543
02544
02545
02546
02547
02548
02554
02555
02556
02557
02560
02561
02562
02564
02565
02566
02568
02570
02572
02574
02575
02576
02578
02579
02581
02585
02588
02591
02593
02594
02597
02598
02599
02600
02602
02603
02605
02606
02607
02608
02609
02610
02611
02612
02613
02615
02616
02617
02618
02619
02621
02624
02626
02627
02630
02632
02633
02634
02637
02638
02639
02642
02643
02644
02646
02649
02650
02651
02653
02654
02655
02656
02657
02658
02659
02662
02663
02664
02665
02666
02667
02668
02669
02671
02672
02675
02676
02677
02678
02679
02680
02681
02685
02687
02689
02690
02691
02692
02693
02694
02695
02696
02697
02699
02701
02702
02705
02706
02710
02711
02712
02713
02714
02715
02716
02717
02718
02719
02720
02721
02723
02724
02725
02726
02728
02729
02730
02731
02732
02733
02734
02735
02736
02737
02738
02740
02741
02742
02743
02744
02745
02747
02749
02751
02752
02754
02755
02756
02757
02758
02759
02761
02764
02766
02767
02768
02769
02770
02771
02772
02773
02779
02781
02785
02786
02788
02790
02792
02793
02794
02796
02798
02799
02800
02801
02802
02803
02804
02807
02810
02812
02814
02815
02816
02817
02818
02819
02820
02822
02823
02824
02826
02827
02828
02829
02831
02832
02835
02836
02837
02838
02841
02843
02846
02847
02849
02852
02854
02855
02856
02857
02858
02859
02861
02862
02863
02864
02865
02866
02868
02869
02870
02875
02877
02878
02879
02880
02881
02882
02883
02886
02889
02890
02891
02892
02893
02894
02895
02896
02897
02899
02900
02901
02902
02903
02904
02905
02906
02908
02909
02910
02911
02912
02913
02914
02915
02917
02918
02919
02921
02922
02923
02924
02928
02929
02930
02933
02937
02938
02939
02940
02941
02942
02943
02944
02945
02946
02947
02948
02949
02952
02956
02960
02964
02965
02968
02969
02971
02972
02974
02975
02976
02977
02980
02981
02982
02983
02985
02987
02990
02991
02993
02994
02996
02997
02999
03000
03001
03002
03004
03007
03008
03009
03010
03014
03015
03016
03017
03018
03019
03020
03021
03022
03023
03025
03026
03027
03028
03030
03031
03032
03033
03035
03036
03037
03038
03040
03041
03042
03043
03046
03055
03057
03059
03064
03065
03066
03067
03068
03069
03071
03072
03073
03074
03075
03076
03077
03079
03080
03081
03082
03083
03084
03085
03086
03087
03088
03091
03092
03093
03094
03095
03097
03098
03099
03100
03101
03102
03104
03105
03106
03107
03108
03109
03110
03111
03113
03114
03116
03117
03119
03121
03122
03123
03126
03127
03128
03129
03130
03132
03133
03134
03136
03137
03138
03139
03140
03141
03143
03145
03146
03147
03148
03149
03150
03151
03152
03153
03157
03158
03159
03160
03161
03162
03163
03165
03166
03167
03170
03171
03173
03174
03175
03177
03179
03180
03181
03185
03186
03189
03191
03193
03194
03195
03196
03197
03202
03203
03204
03205
03206
03207
03209
03210
03212
03214
03215
03216
03221
03222
03223
03226
03227
03228
03229
03230
03232
03233
03234
03236
03237
03238
03239
03240
03241
03242
03245
03247
03248
03250
03252
03253
03254
03256
03257
03258
03259
03260
03261
03264
03265
03266
03268
03269
03271
03273
03274
03277
03279
03280
03282
03284
03286
03287
03289
03290
03291
03295
03296
03297
03298
03299
03300
03302
03303
03304
03305
03307
03311
03312
03313
03315
03317
03320
03321
03322
03324
03325
03326
03327
03328
03329
03330
03331
03332
03333
03335
03336
03337
03338
03340
03341
03342
03343
03344
03345
03346
03347
03348
03350
03353
03357
03359
03360
03362
03364
03366
03367
03369
03370
03373
03374
03376
03377
03379
03380
03383
03385
03386
03387
03388
03389
03390
03392
03395
03397
03399
03400
03401
03402
03403
03407
03408
03409
03410
03412
03413
03414
03415
03416
03417
03418
03419
03420
03422
03423
03424
03426
03428
03429
03430
03432
03433
03434
03435
03436
03438
03439
03440
03441
03442
03443
03444
03445
03446
03447
03448
03449
03450
03451
03452
03453
03454
03455
03456
03459
03460
03463
03464
03465
03466
03467
03469
03470
03472
03473
03474
03475
03476
03478
03480
03485
03487
03489
03490
03493
03496
03497
03499
03500
03501
03502
03503
03508
03509
03510
03511
03512
03513
03514
03515
03517
03518
03520
03521
03523
03524
03525
03526
03527
03528
03529
03530
03532
03533
03534
03536
03538
03539
03541
03543
03544
03545
03547
03548
03549
03551
03554
03555
03556
03558
03559
03560
03561
03562
03564
03565
03567
03569
03571
03572
03574
03575
03576
03577
03578
03584
03585
03586
03587
03588
03589
03590
03593
03595
03596
03597
03598
03599
03600
03603
03604
03605
03606
03607
03609
03610
03611
03612
03613
03614
03615
03617
03620
03621
03622
03623
03624
03625
03626
03627
03628
03629
03630
03631
03635
03637
03638
03639
03641
03642
03644
03645
03647
03649
03650
03651
03652
03653
03654
03656
03657
03658
03659
03660
03661
03662
03663
03664
03666
03667
03668
03669
03670
03671
03672
03673
03674
03675
03678
03679
03680
03681
03683
03684
03685
03686
03688
03689
03690
03693
03695
03696
03698
03701
03702
03703
03705
03706
03707
03710
03711
03712
03714
03716
03718
03719
03720
03722
03723
03725
03726
03727
03728
03732
03733
03737
03739
03744
03745
03747
03751
03752
03754
03756
03757
03758
03761
03762
03763
03765
03766
03767
03768
03769
03770
03772
03775
03776
03777
03778
03780
03783
03785
03786
03787
03788
03790
03791
03792
03793
03796
03799
03801
03802
03804
03806
03807
03810
03811
03812
03813
03814
03815
03816
03817
03818
03819
03820
03821
03822
03824
03825
03826
03827
03829
03830
03831
03833
03835
03836
03837
03838
03839
03840
03841
03842
03843
03845
03848
03851
03853
03854
03856
03860
03863
03865
03866
03867
03869
03870
03871
03874
03875
03878
03880
03882
03883
03884
03885
03886
03888
03890
03891
03892
03894
03895
03896
03897
03898
03899
03900
03901
03903
03904
03905
03906
03907
03908
03909
03911
03914
03915
03916
03918
03919
03921
03922
03923
03924
03925
03927
03930
03932
03933
03934
03935
03936
03937
03938
03939
03940
03942
03943
03945
03946
03947
03948
03950
03952
03954
03955
03957
03959
03960
03961
03962
03963
03964
03967
03968
03969
03970
03973
03974
03975
03977
03980
03981
03982
03983
03984
03985
03986
03987
03988
03989
03991
03994
03995
03997
03999
04000
04001
04003
04004
04006
04007
04008
04009
04010
04011
04012
04013
04015
04016
04017
04019
04021
04022
04023
04024
04025
04026
04027
04028
04029
04030
04031
04032
04033
04034
04036
04039
04040
04041
04042
04043
04044
04045
04046
04047
04050
04051
04052
04053
04054
04055
04056
04057
04058
04060
04061
04062
04063
04064
04065
04066
04067
04069
04070
04072
04073
04075
04076
04077
04079
04080
04081
04082
04084
04086
04087
04088
04089
04091
04092
04093
04094
04095
04096
04098
04099
04100
04102
04103
04104
04105
04107
04108
04109
04110
04111
04112
04114
04115
04116
04117
04118
04119
04121
04122
04124
04125
04127
04128
04129
04130
04131
04132
04133
04138
04139
04140
04141
04143
04144
04145
04146
04148
04149
04150
04151
04152
04154
04156
04160
04161
04162
04163
04164
04165
04166
04167
04169
04171
04173
04175
04177
04178
04180
04181
04183
04184
04185
04186
04188
04189
04191
04193
04194
04195
04196
04197
04198
04199
04200
04203
04204
04208
04209
04210
04211
04212
04213
04214
04215
04217
04218
04219
04221
04222
04223
04226
04227
04229
04230
04231
04232
04234
04235
04236
04237
04238
04239
04241
04242
04243
04244
04245
04246
04247
04248
04249
04251
04253
04254
04255
04257
04258
04260
04261
04264
04265
04266
04267
04268
04269
04271
04273
04274
04276
04278
04280
04282
04285
04287
04289
04290
04291
04292
04295
04296
04298
04300
04302
04303
04304
04305
04307
04308
04309
04312
04313
04314
04315
04316
04319
04320
04321
04325
04326
04327
04328
04329
04333
04334
04336
04337
04338
04339
04344
04345
04346
04349
04350
04351
04352
04353
04354
04355
04356
04358
04359
04360
04361
04363
04364
04365
04366
04367
04368
04372
04373
04375
04377
04378
04379
04380
04381
04382
04383
04385
04386
04390
04391
04392
04394
04395
04396
04398
04399
04401
04402
04404
04405
04407
04409
04410
04412
04413
04415
04416
04417
04420
04421
04422
04423
04424
04425
04428
04429
04430
04432
04434
04435
04436
04438
04440
04441
04443
04450
04451
04452
04453
04454
04455
04456
04457
04458
04459
04461
04462
04463
04464
04465
04467
04470
04474
04475
04477
04478
04479
04480
04482
04483
04484
04485
04486
04487
04488
04489
04491
04492
04495
04499
04502
04503
04509
04510
04512
04513
04514
04515
04516
04518
04519
04520
04521
04522
04523
04526
04528
04529
04530
04531
04533
04536
04537
04538
04539
04541
04543
04544
04545
04546
04548
04551
04554
04555
04556
04558
04559
04561
04563
04564
04565
04566
04567
04568
04569
04570
04571
04573
04574
04576
04577
04578
04579
04582
04583
04584
04588
04589
04590
04592
04594
04595
04596
04598
04600
04601
04603
04604
04605
04606
04609
04610
04611
04613
04614
04615
04617
04618
04619
04620
04621
04622
04623
04624
04625
04626
04627
04629
04630
04633
04635
04636
04637
04640
04643
04644
04645
04646
04647
04649
04650
04651
04652
04653
04654
04657
04659
04661
04662
04663
04664
04666
04668
04669
04670
04671
04672
04673
04674
04675
04677
04679
04680
04682
04683
04684
04685
04686
04687
04690
04691
04692
04696
04697
04698
04699
04700
04701
04702
04703
04705
04706
04708
04710
04711
04712
04715
04716
04717
04719
04720
04722
04725
04726
04728
04729
04731
04732
04733
04734
04735
04736
04737
04740
04742
04743
04744
04745
04747
04748
04750
04751
04752
04754
04755
04757
04758
04759
04760
04761
04764
04765
04766
04767
04769
04771
04772
04773
04774
04775
04776
04777
04780
04782
04783
04784
04786
04788
04789
04791
04793
04794
04795
04796
04797
04800
04801
04802
04803
04804
04805
04806
04808
04809
04810
04811
04813
04814
04815
04816
04817
04818
04819
04820
04821
04822
04823
04824
04825
04826
04827
04829
04830
04832
04833
04834
04836
04837
04838
04841
04843
04844
04846
04847
04848
04849
04851
04853
04854
04855
04857
04859
04861
04862
04863
04864
04865
04866
04867
04868
04872
04873
04874
04875
04876
04878
04883
04885
04886
04890
04891
04893
04894
04895
04896
04897
04898
04902
04904
04905
04906
04907
04908
04909
04911
04913
04914
04915
04916
04919
04920
04921
04922
04924
04925
04926
04928
04929
04930
04931
04932
04934
04935
04936
04938
04941
04944
04945
04947
04949
04950
04951
04953
04954
04955
04956
04957
04958
04959
04961
04963
04964
04965
04966
04968
04969
04970
04972
04973
04974
04975
04976
04977
04978
04980
04981
04982
04983
04986
04987
04988
04989
04990
04991
04992
04995
04996
04997
04998
04999
05000
05002
05004
05006
05010
05011
05012
05015
05016
05018
05020
05021
05022
05023
05024
05025
05026
05028
05029
05030
05031
05033
05034
05035
05037
05039
05040
05041
05042
05044
05046
05047
05049
05056
05057
05059
05060
05061
05062
05065
05066
05067
05068
05073
05074
05075
05076
05080
05081
05082
05084
05085
05086
05087
05089
05090
05095
05096
05097
05099
05100
05101
05103
05104
05105
05106
05107
05108
05109
05110
05112
05113
05114
05116
05117
05118
05119
05120
05121
05123
05124
05125
05126
05127
05128
05130
05131
05132
05133
05134
05135
05136
05138
05139
05140
05141
05143
05145
05148
05149
05150
05151
05152
05153
05155
05162
05163
05165
05166
05168
05170
05171
05172
05173
05174
05177
05180
05181
05184
05185
05186
05187
05188
05190
05192
05193
05194
05195
05196
05198
05199
05200
05202
05203
05204
05205
05206
05207
05208
05211
05212
05213
05214
05218
05219
05220
05224
05225
05226
05227
05228
05229
05232
05234
05236
05237
05238
05240
05241
05243
05244
05245
05246
05248
05249
05250
05251
05252
05256
05257
05258
05259
05260
05261
05262
05263
05264
05265
05266
05268
05270
05271
05275
05276
05277
05278
05280
05281
05282
05284
05285
05287
05288
05289
05290
05291
05292
05295
05296
05297
05298
05299
05300
05302
05303
05304
05305
05306
05309
05311
05313
05314
05315
05317
05318
05319
05320
05321
05322
05325
05326
05327
05328
05330
05331
05332
05333
05334
05335
05336
05337
05339
05340
05341
05342
05343
05344
05345
05346
05347
05348
05349
05351
05353
05355
05356
05357
05359
05360
05361
05362
05363
05364
05365
05367
05369
05370
05371
05372
05374
05375
05376
05378
05380
05381
05382
05383
05384
05387
05388
05389
05390
05392
05393
05396
05397
05398
05399
05400
05401
05403
05404
05405
05407
05409
05411
05412
05413
05414
05415
05416
05417
05418
05420
05421
05422
05425
05427
05428
05429
05430
05431
05432
05433
05435
05437
05439
05440
05441
05442
05443
05444
05445
05446
05447
05448
05452
05453
05454
05456
05457
05458
05459
05461
05462
05463
05464
05470
05473
05474
05475
05476
05478
05483
05486
05487
05489
05490
05492
05493
05494
05496
05497
05499
05500
05502
05503
05505
05507
05508
05510
05513
05514
05515
05516
05518
05519
05520
05521
05522
05523
05526
05527
05528
05529
05530
05531
05532
05533
05534
05535
05536
05538
05539
05541
05542
05543
05544
05545
05547
05548
05549
05550
05551
05552
05555
05557
05558
05559
05561
05562
05563
05564
05565
05566
05567
05569
05571
05572
05573
05575
05576
05577
05578
05579
05580
05582
05583
05584
05585
05586
05588
05591
05592
05594
05595
05598
05600
05601
05602
05603
05604
05605
05606
05608
05610
05611
05613
05614
05616
05617
05618
05619
05620
05621
05622
05623
05624
05625
05626
05627
05628
05629
05630
05632
05633
05634
05635
05636
05637
05638
05639
05640
05641
05643
05645
05646
05647
05648
05649
05650
05651
05652
05655
05656
05658
05659
05660
05663
05666
05667
05668
05669
05670
05672
05673
05677
05678
05679
05680
05681
05684
05686
05687
05688
05689
05691
05698
05699
05700
05701
05703
05705
05706
05707
05710
05711
05712
05713
05714
05715
05718
05720
05722
05723
05725
05726
05728
05729
05730
05731
05732
05733
05739
05741
05742
05744
05746
05748
05749
05751
05753
05754
05756
05758
05761
05762
05764
05765
05766
05767
05768
05769
05773
05774
05775
05776
05778
05779
05780
05781
05782
05783
05784
05785
05786
05788
05789
05790
05791
05792
05793
05795
05796
05797
05798
05799
05800
05803
05805
05807
05808
05809
05810
05811
05812
05814
05816
05817
05818
05821
05822
05824
05825
05827
05828
05829
05831
05833
05835
05836
05837
05838
05839
05841
05842
05843
05844
05845
05846
05849
05850
05852
05855
05857
05858
05859
05860
05863
05865
05866
05867
05868
05869
05871
05872
05873
05875
05878
05880
05881
05882
05883
05884
05885
05886
05887
05888
05889
05893
05896
05901
05902
05903
05904
05905
05907
05908
05910
05912
05914
05915
05916
05917
05918
05919
05920
05922
05923
05926
05927
05928
05929
05930
05931
05932
05933
05934
05936
05937
05938
05940
05941
05943
05945
05946
05948
05949
05951
05952
05953
05955
05956
05957
05960
05961
05963
05964
05965
05967
05968
05969
05970
05971
05973
05974
05975
05976
05978
05979
05980
05981
05982
05983
05984
05985
05986
05987
05988
05990
05991
05993
05994
05995
05996
05997
05999
06000
06001
06002
06003
06004
06005
06006
06007
06009
06010
06011
06013
06014
06015
06016
06017
06018
06019
06020
06021
06022
06023
06024
06027
06031
06032
06034
06035
06036
06038
06039
06040
06042
06043
06045
06046
06047
06048
06049
06050
06051
06052
06055
06057
06059
06061
06062
06063
06064
06065
06067
06068
06069
06070
06071
06072
06073
06074
06075
06076
06077
06078
06080
06081
06082
06083
06084
06085
06087
06090
06091
06093
06094
06095
06097
06098
06099
06100
06102
06103
06104
06106
06109
06110
06111
06112
06114
06116
06117
06118
06119
06120
06122
06123
06125
06127
06128
06129
06131
06133
06134
06135
06136
06138
06139
06141
06142
06143
06144
06147
06148
06149
06150
06151
06152
06154
06155
06156
06157
06159
06161
06162
06163
06164
06166
06169
06170
06171
06173
06175
06177
06178
06180
06182
06183
06184
06185
06186
06187
06188
06189
06190
06191
06192
06194
06195
06196
06197
06198
06199
06200
06201
06202
06203
06204
06205
06206
06207
06209
06210
06211
06212
06213
06214
06215
06216
06217
06224
06227
06229
06233
06234
06235
06236
06237
06238
06240
06242
06243
06246
06247
06248
06249
06250
06252
06253
06254
06255
06256
06257
06259
06261
06263
06264
06265
06266
06267
06268
06269
06270
06271
06272
06273
06274
06275
06277
06279
06280
06281
06282
06283
06284
06285
06287
06290
06292
06293
06294
06295
06296
06298
06299
06301
06302
06303
06304
06305
06306
06307
06311
06312
06313
06314
06317
06319
06320
06321
06322
06324
06325
06330
06331
06333
06334
06335
06336
06337
06338
06339
06341
06343
06344
06345
06346
06348
06349
06350
06351
06352
06354
06355
06356
06358
06359
06361
06363
06364
06365
06366
06368
06369
06370
06372
06373
06375
06376
06377
06379
06380
06382
06383
06384
06385
06386
06388
06389
06390
06391
06392
06394
06395
06396
06397
06398
06399
06400
06401
06402
06404
06405
06406
06408
06409
06410
06412
06413
06414
06415
06416
06417
06418
06420
06421
06422
06423
06426
06427
06429
06430
06431
06433
06434
06435
06438
06439
06440
06441
06442
06443
06444
06445
06446
06447
06448
06449
06450
06451
06452
06453
06454
06455
06458
06459
06460
06461
06462
06463
06466
06467
06469
06470
06471
06472
06473
06474
06475
06476
06477
06478
06480
06481
06483
06484
06485
06486
06487
06488
06489
06490
06493
06494
06495
06496
06497
06499
06500
06501
06502
06503
06504
06505
06506
06507
06508
06510
06513
06514
06518
06520
06521
06523
06528
06529
06530
06531
06533
06537
06538
06540
06541
06544
06546
06548
06549
06551
06553
06554
06555
06556
06557
06558
06560
06561
06562
06564
06565
06566
06567
06568
06569
06570
06572
06573
06574
06578
06580
06583
06584
06586
06587
06588
06589
06590
06593
06594
06595
06596
06597
06598
06599
06600
06602
06603
06604
06606
06607
06610
06611
06612
06613
06614
06615
06617
06618
06619
06620
06623
06625
06627
06628
06631
06632
06633
06634
06635
06636
06637
06638
06639
06641
06643
06645
06648
06649
06650
06651
06652
06653
06657
06659
06660
06661
06663
06664
06665
06666
06667
06668
06669
06672
06673
06675
06676
06677
06679
06680
06682
06683
06686
06687
06688
06689
06690
06691
06692
06694
06695
06696
06697
06699
06700
06702
06704
06705
06706
06707
06709
06710
06711
06712
06713
06714
06715
06716
06717
06718
06719
06720
06721
06722
06725
06726
06727
06728
06729
06734
06737
06738
06740
06741
06742
06744
06745
06746
06747
06748
06749
06750
06751
06753
06754
06756
06757
06758
06759
06760
06761
06762
06763
06764
06765
06766
06767
06768
06771
06772
06773
06776
06779
06780
06782
06783
06784
06785
06786
06789
06790
06791
06795
06796
06797
06798
06799
06800
06801
06802
06804
06806
06807
06809
06810
06811
06812
06813
06814
06815
06816
06817
06818
06820
06821
06822
06825
06826
06827
06828
06829
06831
06832
06833
06834
06835
06836
06837
06838
06840
06841
06842
06843
06845
06846
06847
06849
06851
06852
06853
06854
06855
06856
06857
06858
06859
06860
06862
06863
06864
06866
06868
06872
06873
06875
06878
06879
06880
06881
06882
06884
06885
06886
06888
06889
06890
06891
06892
06893
06894
06895
06896
06897
06899
06902
06903
06908
06910
06911
06912
06915
06916
06917
06918
06919
06922
06923
06924
06925
06928
06929
06931
06932
06933
06934
06937
06939
06944
06945
06946
06947
06948
06949
06951
06952
06953
06954
06955
06956
06958
06959
06960
06961
06962
06963
06964
06965
06966
06968
06969
06970
06972
06973
06974
06975
06976
06977
06978
06979
06980
06982
06983
06986
06988
06989
06990
06992
06994
06995
06996
06997
06998
06999
07000
07001
07003
07005
07006
07007
07008
07012
07013
07014
07015
07016
07017
07019
07021
07023
07024
07025
07026
07028
07029
07030
07032
07033
07034
07036
07037
07040
07041
07042
07043
07044
07046
07047
07048
07050
07051
07052
07053
07054
07056
07057
07058
07059
07061
07062
07065
07067
07068
07070
07071
07072
07073
07075
07077
07078
07079
07080
07081
07084
07085
07086
07087
07088
07089
07091
07093
07094
07095
07096
07098
07099
07100
07101
07102
07103
07105
07107
07108
07109
07110
07112
07113
07114
07115
07117
07120
07122
07123
07125
07126
07127
07128
07129
07131
07132
07134
07135
07138
07139
07141
07144
07145
07146
07147
07148
07149
07151
07152
07153
07154
07155
07157
07159
07160
07162
07163
07165
07166
07168
07171
07172
07173
07174
07175
07177
07178
07179
07181
07182
07183
07184
07187
07191
07192
07193
07194
07195
07197
07198
07199
07200
07201
07202
07203
07205
07206
07208
07209
07210
07211
07212
07213
07214
07215
07217
07218
07219
07220
07222
07224
07229
07231
07233
07237
07239
07240
07241
07244
07245
07246
07247
07249
07251
07252
07254
07255
07256
07257
07262
07263
07264
07265
07267
07268
07269
07271
07272
07273
07276
07278
07279
07280
07281
07284
07285
07289
07290
07291
07293
07294
07295
07296
07298
07299
07300
07301
07302
07305
07306
07307
07308
07309
07310
07311
07312
07316
07319
07320
07321
07322
07323
07324
07325
07326
07327
07328
07329
07330
07331
07334
07335
07336
07337
07338
07340
07341
07342
07343
07344
07345
07346
07349
07351
07352
07353
07354
07355
07358
07359
07360
07363
07364
07365
07369
07370
07371
07372
07373
07374
07375
07377
07378
07379
07380
07381
07382
07383
07385
07386
07389
07393
07396
07398
07399
07401
07402
07403
07404
07405
07406
07407
07408
07409
07412
07416
07417
07418
07419
07420
07421
07422
07424
07425
07426
07427
07428
07430
07431
07432
07433
07434
07435
07436
07437
07438
07439
07440
07441
07443
07444
07445
07446
07447
07448
07449
07450
07451
07453
07458
07460
07461
07462
07464
07465
07466
07468
07470
07471
07472
07473
07474
07476
07477
07479
07480
07481
07482
07483
07485
07486
07488
07490
07491
07492
07493
07494
07495
07496
07497
07498
07499
07500
07503
07504
07506
07507
07508
07509
07511
07512
07513
07514
07516
07517
07518
07520
07521
07522
07523
07524
07527
07531
07532
07533
07535
07539
07541
07542
07543
07544
07545
07546
07548
07549
07550
07551
07552
07553
07555
07556
07557
07558
07559
07560
07561
07562
07563
07564
07565
07567
07568
07570
07571
07572
07573
07575
07578
07579
07580
07581
07582
07586
07587
07588
07589
07590
07594
07595
07596
07598
07599
07600
07601
07602
07603
07604
07605
07607
07610
07611
07612
07613
07614
07615
07616
07617
07619
07620
07621
07626
07630
07631
07632
07633
07635
07636
07637
07638
07639
07640
07641
07642
07643
07644
07645
07646
07647
07649
07651
07652
07655
07657
07658
07659
07660
07662
07663
07664
07665
07666
07669
07670
07671
07674
07675
07676
07677
07679
07680
07681
07682
07686
07687
07689
07690
07691
07694
07697
07698
07699
07701
07702
07703
07704
07705
07706
07709
07711
07712
07713
07714
07715
07716
07718
07719
07720
07722
07723
07724
07727
07728
07729
07730
07731
07734
07735
07737
07740
07741
07744
07746
07747
07748
07749
07750
07752
07753
07754
07755
07756
07759
07760
07761
07763
07765
07766
07767
07768
07771
07773
07774
07775
07776
07777
07778
07779
07780
07781
07782
07788
07789
07790
07791
07792
07793
07795
07799
07800
07801
07802
07803
07805
07806
07807
07808
07809
07810
07811
07812
07815
07818
07820
07822
07823
07826
07828
07829
07830
07831
07832
07834
07835
07836
07838
07843
07844
07845
07847
07848
07850
07851
07852
07853
07854
07855
07856
07857
07858
07860
07861
07862
07863
07864
07865
07866
07867
07868
07869
07870
07871
07872
07873
07877
07878
07880
07883
07884
07885
07889
07890
07894
07895
07897
07898
07900
07903
07904
07905
07906
07907
07909
07910
07911
07912
07913
07914
07915
07916
07917
07918
07919
07920
07922
07924
07925
07926
07928
07929
07932
07933
07934
07935
07937
07938
07939
07941
07942
07945
07946
07947
07950
07951
07953
07955
07956
07958
07959
07960
07961
07963
07966
07967
07968
07970
07973
07974
07975
07976
07977
07978
07979
07980
07982
07987
07988
07991
07993
07995
07996
07997
07998
07999
08000
08002
08003
08005
08006
08007
08008
08009
08010
08012
08014
08015
08016
08017
08020
08025
08026
08027
08028
08029
08030
08031
08033
08034
08036
08037
08038
08039
08040
08041
08042
08043
08045
08046
08047
08048
08049
08050
08054
08055
08056
08057
08058
08059
08060
08061
08062
08063
08064
08065
08069
08070
08071
08072
08073
08074
08076
08078
08079
08083
08084
08085
08087
08088
08089
08090
08091
08092
08093
08094
08095
08096
08097
08098
08100
08103
08104
08105
08107
08109
08112
08113
08114
08115
08116
08117
08122
08124
08125
08126
08127
08129
08130
08136
08137
08138
08139
08140
08141
08142
08143
08144
08146
08148
08149
08152
08154
08155
08156
08158
08159
08160
08161
08162
08163
08166
08167
08168
08169
08170
08171
08172
08173
08174
08177
08178
08180
08183
08184
08186
08189
08190
08191
08193
08197
08198
08199
08200
08201
08202
08203
08205
08206
08207
08208
08209
08215
08216
08217
08218
08219
08220
08221
08222
08224
08225
08226
08227
08229
08230
08231
08232
08233
08234
08236
08239
08240
08241
08242
08244
08246
08248
08249
08250
08251
08252
08253
08255
08256
08258
08260
08261
08262
08263
08264
08265
08267
08268
08269
08272
08274
08275
08276
08277
08278
08280
08282
08283
08284
08285
08286
08287
08288
08289
08290
08291
08292
08294
08295
08296
08297
08298
08299
08302
08303
08304
08305
08306
08307
08308
08309
08310
08312
08313
08314
08316
08317
08318
08319
08320
08321
08323
08324
08326
08327
08328
08329
08330
08331
08333
08334
08335
08337
08339
08341
08342
08343
08344
08345
08347
08348
08349
08350
08351
08353
08354
08357
08358
08360
08361
08362
08363
08364
08365
08368
08369
08371
08373
08374
08375
08376
08377
08378
08379
08380
08382
08383
08384
08388
08389
08390
08391
08392
08393
08394
08395
08397
08398
08399
08400
08401
08402
08404
08405
08406
08408
08409
08411
08412
08413
08414
08415
08416
08417
08418
08421
08422
08423
08424
08425
08426
08427
08428
08429
08431
08433
08434
08435
08436
08437
08438
08439
08440
08441
08442
08445
08446
08449
08451
08452
08453
08454
08456
08457
08458
08459
08460
08463
08464
08466
08467
08468
08469
08470
08471
08472
08473
08474
08476
08477
08479
08480
08482
08483
08484
08485
08487
08488
08489
08490
08491
08492
08494
08496
08497
08498
08499
08501
08502
08503
08504
08505
08506
08507
08510
08511
08514
08515
08516
08517
08518
08519
08520
08521
08522
08523
08526
08527
08528
08530
08531
08532
08533
08535
08536
08537
08540
08541
08542
08543
08546
08547
08548
08549
08550
08551
08553
08554
08558
08561
08563
08564
08565
08566
08567
08568
08569
08571
08573
08574
08575
08576
08578
08579
08580
08581
08582
08584
08585
08586
08587
08588
08589
08592
08593
08594
08595
08597
08598
08599
08601
08602
08604
08606
08607
08608
08610
08612
08614
08615
08618
08619
08621
08622
08623
08624
08626
08632
08633
08634
08635
08636
08637
08638
08639
08640
08641
08642
08643
08644
08645
08646
08647
08648
08649
08651
08652
08653
08656
08657
08659
08660
08661
08664
08669
08670
08673
08674
08675
08676
08677
08678
08680
08681
08682
08686
08687
08688
08689
08691
08693
08694
08697
08699
08701
08702
08705
08706
08707
08708
08709
08711
08712
08713
08714
08715
08716
08717
08718
08719
08720
08721
08722
08723
08725
08726
08727
08728
08729
08731
08734
08735
08736
08737
08738
08740
08741
08745
08746
08747
08749
08752
08753
08755
08756
08757
08758
08761
08762
08765
08766
08767
08768
08769
08770
08771
08772
08774
08775
08776
08777
08779
08781
08782
08783
08784
08785
08786
08787
08788
08789
08790
08792
08793
08797
08798
08801
08802
08803
08804
08807
08809
08810
08812
08813
08814
08815
08816
08818
08819
08821
08823
08824
08825
08826
08829
08830
08832
08833
08834
08835
08836
08838
08841
08843
08844
08847
08848
08849
08851
08852
08853
08854
08855
08856
08857
08859
08860
08862
08863
08864
08865
08866
08867
08868
08869
08870
08871
08872
08873
08874
08875
08876
08879
08880
08882
08885
08886
08887
08891
08892
08893
08894
08895
08897
08898
08899
08901
08902
08904
08905
08906
08909
08910
08913
08914
08915
08918
08919
08921
08922
08923
08925
08927
08928
08929
08931
08933
08935
08936
08937
08939
08941
08942
08944
08945
08946
08947
08948
08949
08950
08953
08955
08957
08958
08963
08964
08967
08968
08969
08970
08972
08973
08975
08976
08978
08980
08981
08982
08983
08984
08985
08986
08987
08989
08990
08991
08995
08997
08999
09001
09003
09004
09005
09007
09008
09009
09013
09014
09015
09017
09019
09020
09022
09025
09026
09027
09028
09030
09031
09033
09034
09035
09036
09037
09038
09043
09044
09045
09046
09048
09049
09051
09053
09054
09055
09058
09061
09062
09063
09064
09067
09068
09069
09070
09071
09073
09074
09076
09077
09078
09079
09080
09082
09083
09084
09088
09089
09090
09091
09093
09094
09095
09096
09097
09098
09099
09100
09101
09102
09103
09106
09107
09109
09110
09111
09112
09118
09119
09121
09122
09123
09124
09126
09130
09131
09133
09134
09135
09136
09137
09138
09140
09141
09143
09144
09148
09149
09150
09151
09152
09153
09154
09155
09157
09158
09159
09160
09161
09164
09168
09171
09172
09173
09174
09175
09176
09177
09178
09179
09180
09182
09185
09188
09189
09191
09192
09193
09196
09197
09198
09199
09200
09202
09203
09204
09207
09208
09209
09211
09212
09213
09214
09215
09216
09217
09218
09220
09221
09222
09223
09225
09226
09227
09229
09230
09231
09234
09235
09236
09237
09238
09239
09240
09241
09242
09243
09245
09246
09248
09251
09252
09253
09254
09255
09256
09257
09258
09259
09260
09261
09265
09266
09270
09271
09272
09274
09276
09278
09279
09280
09284
09285
09286
09287
09289
09290
09291
09293
09294
09295
09296
09298
09300
09301
09302
09303
09304
09305
09308
09309
09312
09313
09314
09315
09316
09319
09320
09323
09325
09327
09329
09330
09331
09332
09333
09334
09335
09337
09339
09342
09344
09345
09346
09348
09349
09350
09351
09353
09354
09355
09356
09358
09359
09360
09361
09364
09365
09366
09367
09370
09372
09373
09376
09377
09379
09380
09381
09382
09383
09384
09385
09386
09389
09392
09393
09395
09397
09399
09402
09403
09404
09405
09408
09409
09411
09414
09415
09417
09418
09419
09420
09421
09422
09423
09424
09427
09428
09429
09431
09432
09433
09434
09435
09436
09437
09439
09441
09442
09443
09445
09446
09447
09448
09449
09450
09451
09453
09454
09455
09458
09460
09461
09465
09466
09467
09468
09469
09471
09472
09473
09474
09475
09477
09479
09481
09483
09487
09488
09490
09492
09493
09494
09496
09498
09499
09500
09502
09503
09504
09505
09506
09507
09508
09510
09511
09512
09513
09515
09516
09519
09520
09522
09523
09525
09526
09527
09528
09530
09531
09532
09533
09534
09536
09537
09538
09539
09540
09542
09545
09548
09549
09552
09553
09555
09556
09558
09559
09561
09564
09565
09566
09568
09569
09570
09573
09574
09575
09577
09578
09579
09580
09581
09582
09583
09585
09586
09587
09588
09590
09591
09592
09593
09594
09596
09597
09599
09600
09601
09602
09603
09604
09605
09607
09608
09609
09610
09611
09612
09614
09616
09618
09620
09621
09622
09623
09624
09625
09627
09628
09629
09630
09631
09632
09633
09634
09636
09637
09638
09640
09643
09644
09645
09646
09648
09649
09653
09655
09656
09658
09659
09660
09661
09662
09664
09666
09668
09669
09673
09675
09676
09677
09679
09681
09682
09683
09685
09689
09690
09691
09693
09694
09696
09697
09698
09699
09701
09702
09703
09704
09705
09706
09708
09709
09710
09711
09712
09714
09715
09716
09717
09719
09720
09721
09723
09724
09725
09726
09727
09728
09729
09730
09731
09732
09733
09734
09735
09736
09737
09738
09739
09740
09741
09742
09744
09747
09748
09749
09750
09751
09753
09754
09756
09757
09758
09759
09760
09761
09762
09763
09764
09765
09767
09768
09769
09770
09772
09773
09774
09775
09778
09782
09785
09786
09787
09788
09789
09795
09796
09797
09798
09799
09800
09801
09803
09804
09809
09811
09813
09814
09815
09816
09818
09819
09820
09824
09825
09827
09832
09833
09834
09835
09837
09838
09842
09845
09847
09848
09849
09850
09851
09852
09853
09855
09856
09857
09858
09859
09860
09862
09863
09864
09865
09870
09871
09872
09873
09877
09878
09879
09880
09881
09885
09886
09887
09889
09892
09893
09895
09896
09897
09898
09901
09903
09905
09907
09908
09909
09910
09911
09913
09914
09915
09917
09918
09919
09920
09921
09924
09925
09926
09927
09928
09929
09931
09932
09933
09935
09936
09937
09938
09939
09941
09942
09943
09944
09945
09946
09948
09949
09950
09951
09952
09953
09954
09955
09959
09960
09961
09962
09966
09967
09969
09970
09971
09972
09974
09975
09976
09977
09978
09980
09982
09985
09986
09989
09990
09992
09993
09994
09995
09996
09997
09999
10001
10002
10003
10004
10005
10007
10008
10011
10012
10013
10014
10015
10017
10018
10019
10020
10021
10022
10023
10024
10025
10026
10027
10028
10029
10031
10032
10034
10035
10036
10037
10038
10039
10040
10041
10042
10044
10045
10046
10049
10050
10051
10052
10054
10055
10056
10057
10058
10059
10060
10061
10063
10064
10065
10066
10067
10068
10069
10071
10072
10073
10074
10075
10077
10078
10080
10082
10084
10086
10087
10089
10090
10091
10092
10095
10096
10097
10099
10100
10103
10105
10107
10108
10109
10111
10112
10113
10114
10115
10116
10117
10118
10119
10121
10122
10126
10128
10129
10130
10131
10132
10133
10135
10136
10138
10139
10141
10143
10145
10147
10148
10149
10150
10151
10152
10153
10154
10156
10157
10158
10159
10161
10162
10164
10166
10168
10172
10173
10174
10175
10176
10177
10178
10179
10181
10183
10184
10185
10186
10187
10188
10191
10193
10195
10196
10197
10198
10199
10200
10201
10202
10204
10205
10206
10207
10208
10210
10212
10213
10215
10216
10217
10218
10219
10221
10223
10224
10225
10229
10230
10231
10232
10233
10234
10235
10237
10243
10244
10248
10249
10250
10251
10252
10254
10255
10256
10257
10259
10260
10261
10264
10266
10268
10270
10271
10273
10274
10275
10277
10280
10282
10283
10285
10287
10288
10289
10291
10292
10293
10294
10297
10298
10299
10300
10302
10303
10304
10307
10309
10310
10312
10313
10314
10315
10316
10317
10319
10320
10321
10323
10324
10325
10327
10328
10329
10330
10331
10332
10333
10334
10337
10340
10342
10346
10347
10348
10349
10350
10352
10353
10354
10355
10357
10358
10361
10362
10363
10364
10368
10369
10371
10372
10373
10375
10377
10379
10380
10381
10382
10384
10385
10386
10387
10389
10390
10391
10392
10393
10394
10395
10398
10399
10400
10401
10402
10404
10405
10406
10408
10409
10410
10411
10412
10414
10416
10417
10418
10419
10421
10423
10425
10428
10429
10430
10431
10432
10433
10434
10435
10438
10439
10440
10441
10445
10446
10447
10451
10452
10453
10454
10455
10458
10459
10460
10461
10462
10464
10465
10466
10467
10468
10470
10471
10473
10474
10475
10478
10479
10480
10481
10482
10484
10485
10486
10487
10488
10489
10490
10491
10492
10494
10495
10497
10498
10499
10501
10502
10503
10504
10505
10510
10511
10512
10513
10515
10517
10518
10519
10521
10522
10523
10526
10527
10528
10529
10530
10531
10532
10533
10534
10536
10539
10540
10541
10542
10543
10545
10547
10548
10549
10550
10551
10553
10555
10556
10557
10560
10562
10564
10565
10566
10567
10568
10569
10573
10574
10575
10576
10577
10580
10581
10582
10583
10584
10585
10587
10588
10589
10591
10592
10594
10595
10596
10600
10601
10602
10604
10607
10608
10610
10611
10612
10613
10615
10616
10617
10618
10620
10622
10623
10625
10627
10628
10631
10632
10634
10635
10636
10637
10640
10643
10644
10645
10647
10648
10649
10653
10657
10658
10659
10660
10662
10664
10665
10666
10667
10668
10669
10670
10671
10673
10674
10675
10676
10677
10679
10680
10682
10683
10684
10685
10687
10689
10691
10692
10693
10695
10696
10697
10698
10699
10700
10701
10702
10703
10704
10707
10708
10711
10712
10713
10714
10715
10716
10717
10718
10719
10720
10721
10722
10723
10725
10727
10730
10731
10732
10733
10734
10735
10736
10737
10738
10739
10740
10742
10743
10744
10747
10749
10750
10752
10753
10754
10755
10757
10758
10760
10761
10762
10764
10765
10767
10768
10770
10771
10772
10773
10774
10775
10776
10777
10778
10779
10780
10781
10782
10783
10784
10785
10786
10788
10789
10791
10792
10793
10794
10795
10796
10797
10799
10800
10802
10804
10805
10806
10808
10810
10811
10812
10813
10814
10815
10816
10817
10818
10825
10826
10828
10829
10832
10834
10836
10837
10838
10840
10843
10844
10846
10847
10850
10852
10853
10857
10858
10859
10860
10861
10866
10867
10868
10871
10872
10873
10877
10879
10880
10881
10882
10883
10884
10887
10888
10890
10891
10892
10894
10896
10897
10898
10901
10902
10903
10904
10905
10906
10907
10909
10911
10912
10914
10915
10916
10917
10918
10919
10920
10922
10924
10925
10927
10931
10932
10933
10934
10935
10936
10938
10939
10940
10941
10942
10943
10944
10945
10946
10947
10948
10949
10950
10951
10952
10953
10955
10956
10958
10959
10960
10961
10962
10963
10964
10967
10969
10970
10971
10972
10973
10975
10979
10981
10982
10984
10985
10987
10988
10989
10990
10991
10992
10994
10995
10996
10997
10999
11002
11003
11004
11007
11008
11009
11010
11011
11012
11013
11016
11017
11018
11020
11021
11024
11025
11026
11027
11030
11031
11032
11033
11034
11036
11037
11038
11039
11040
11041
11042
11043
11044
11045
11047
11048
11049
11050
11051
11052
11053
11057
11058
11060
11062
11064
11065
11068
11069
11072
11074
11075
11076
11077
11079
11080
11081
11082
11083
11084
11086
11088
11090
11091
11092
11094
11095
11096
11097
11098
11100
11101
11102
11103
11104
11105
11107
11108
11110
11112
11114
11115
11116
11119
11120
11121
11122
11123
11124
11126
11127
11128
11129
11131
11132
11133
11134
11136
11138
11139
11141
11142
11145
11148
11150
11151
11153
11154
11155
11156
11157
11158
11159
11161
11162
11163
11166
11167
11168
11171
11172
11173
11174
11175
11176
11177
11178
11179
11180
11182
11183
11184
11186
11187
11188
11189
11190
11191
11192
11193
11194
11195
11196
11198
11201
11202
11204
11205
11207
11208
11209
11210
11211
11212
11214
11215
11216
11218
11219
11220
11221
11222
11223
11224
11225
11226
11227
11229
11231
11232
11233
11236
11237
11238
11239
11240
11243
11245
11246
11247
11249
11250
11251
11252
11254
11255
11256
11260
11261
11262
11266
11269
11271
11272
11274
11275
11277
11278
11279
11281
11282
11284
11286
11287
11288
11290
11291
11292
11293
11294
11295
11296
11297
11299
11300
11301
11302
11304
11305
11308
11311
11313
11315
11316
11318
11319
11320
11321
11322
11324
11325
11326
11328
11330
11331
11332
11334
11335
11336
11339
11340
11341
11343
11344
11345
11346
11347
11348
11350
11352
11353
11354
11355
11356
11357
11358
11359
11361
11362
11365
11366
11367
11368
11369
11370
11371
11372
11373
11374
11375
11378
11381
11382
11383
11385
11387
11388
11389
11390
11391
11393
11394
11396
11397
11399
11402
11403
11404
11405
11407
11408
11409
11410
11411
11412
11415
11416
11417
11418
11419
11420
11421
11424
11425
11427
11428
11430
11431
11432
11433
11434
11435
11437
11438
11439
11440
11441
11442
11443
11444
11445
11446
11447
11450
11451
11452
11453
11454
11456
11458
11461
11463
11464
11465
11466
11468
11469
11470
11471
11473
11474
11475
11476
11477
11478
11480
11481
11482
11483
11486
11487
11488
11490
11491
11492
11493
11494
11496
11497
11498
11499
11500
11501
11503
11505
11508
11510
11511
11512
11513
11514
11515
11517
11520
11521
11524
11525
11527
11529
11530
11534
11535
11536
11537
11538
11539
11541
11543
11545
11546
11547
11548
11549
11550
11551
11553
11554
11555
11556
11558
11559
11560
11562
11565
11566
11567
11568
11569
11572
11573
11574
11575
11576
11577
11578
11579
11580
11581
11582
11583
11585
11587
11588
11590
11591
11592
11593
11596
11599
11600
11601
11602
11603
11604
11606
11607
11608
11610
11611
11612
11613
11615
11616
11617
11618
11619
11620
11621
11622
11623
11624
11625
11627
11628
11629
11630
11631
11633
11634
11635
11638
11639
11640
11643
11644
11646
11647
11648
11650
11651
11652
11655
11657
11658
11660
11661
11662
11663
11664
11665
11667
11668
11669
11670
11671
11672
11673
11674
11675
11676
11677
11678
11679
11680
11681
11682
11683
11684
11685
11686
11687
11688
11689
11690
11691
11693
11694
11695
11696
11698
11699
11700
11703
11704
11705
11706
11707
11708
11709
11710
11711
11713
11714
11716
11717
11718
11719
11720
11722
11723
11725
11726
11727
11730
11731
11732
11734
11735
11737
11739
11741
11742
11743
11745
11748
11749
11751
11752
11754
11758
11759
11760
11765
11766
11768
11769
11770
11773
11774
11775
11776
11777
11778
11780
11782
11783
11785
11786
11788
11789
11790
11791
11792
11794
11795
11797
11798
11799
11801
11804
11807
11809
11811
11812
11813
11814
11815
11817
11818
11820
11821
11824
11827
11829
11830
11831
11834
11835
11836
11838
11839
11840
11841
11842
11843
11844
11846
11847
11849
11851
11852
11853
11855
11859
11860
11862
11864
11865
11867
11871
11872
11873
11874
11875
11876
11877
11878
11880
11882
11883
11885
11886
11887
11888
11889
11890
11891
11893
11895
11896
11897
11898
11899
11901
11902
11903
11905
11907
11908
11910
11911
11912
11913
11914
11915
11916
11917
11918
11919
11920
11921
11922
11925
11928
11929
11931
11932
11935
11936
11938
11939
11940
11941
11942
11944
11945
11946
11947
11949
11950
11951
11952
11953
11957
11958
11959
11961
11963
11964
11965
11966
11967
11968
11972
11974
11975
11976
11977
11978
11982
11983
11984
11989
11992
11993
11994
11995
11996
11997
11998
11999
12000
12001
12002
12005
12006
12008
12009
12010
12011
12013
12014
12015
12016
12017
12018
12019
12020
12022
12023
12025
12026
12027
12030
12031
12032
12033
12034
12035
12038
12039
12040
12041
12042
12045
12046
12047
12049
12051
12052
12054
12055
12056
12057
12058
12060
12061
12062
12064
12065
12066
12068
12069
12071
12072
12073
12074
12075
12076
12078
12079
12080
12081
12083
12084
12085
12086
12089
12090
12091
12094
12095
12096
12097
12099
12100
12101
12102
12103
12106
12107
12109
12110
12111
12112
12113
12114
12115
12117
12118
12119
12120
12122
12123
12124
12126
12127
12128
12129
12132
12133
12134
12135
12138
12139
12140
12143
12144
12145
12146
12148
12149
12150
12152
12153
12154
12156
12158
12160
12161
12162
12164
12165
12166
12167
12168
12170
12171
12173
12174
12175
12177
12178
12181
12182
12183
12186
12187
12188
12189
12191
12192
12193
12194
12195
12196
12198
12200
12201
12202
12203
12206
12207
12208
12209
12211
12212
12213
12214
12215
12218
12219
12220
12221
12222
12223
12227
12230
12231
12233
12234
12235
12237
12239
12240
12244
12245
12246
12247
12248
12250
12254
12255
12256
12257
12258
12260
12261
12263
12264
12266
12267
12268
12269
12271
12272
12273
12274
12275
12276
12277
12278
12279
12280
12281
12283
12284
12287
12289
12291
12292
12296
12297
12300
12302
12304
12306
12307
12308
12310
12311
12312
12313
12314
12315
12316
12317
12318
12320
12321
12323
12324
12326
12328
12330
12332
12333
12334
12337
12338
12339
12341
12345
12346
12348
12349
12350
12351
12352
12354
12355
12357
12358
12361
12362
12363
12364
12365
12366
12367
12368
12370
12371
12372
12373
12374
12375
12376
12377
12379
12380
12381
12382
12383
12384
12385
12386
12387
12388
12389
12390
12391
12392
12394
12395
12396
12397
12399
12400
12401
12402
12404
12405
12406
12410
12411
12412
12413
12414
12415
12419
12421
12424
12425
12426
12429
12430
12431
12432
12434
12435
12436
12437
12438
12439
12440
12442
12444
12447
12450
12453
12456
12457
12459
12461
12462
12463
12465
12466
12467
12468
12469
12470
12472
12476
12477
12478
12479
12482
12483
12484
12487
12488
12490
12491
12493
12494
12495
12497
12500
12501
12505
12507
12508
12509
12510
12511
12512
12514
12515
12516
12518
12519
12520
12521
12522
12523
12525
12526
12527
12528
12529
12530
12531
12532
12534
12536
12537
12538
12540
12542
12544
12546
12547
12553
12554
12556
12557
12558
12559
12561
12562
12563
12564
12565
12566
12567
12570
12571
12572
12574
12575
12578
12579
12580
12584
12586
12589
12590
12591
12592
12594
12595
12597
12599
12600
12601
12603
12607
12610
12612
12613
12614
12615
12616
12617
12618
12619
12620
12621
12624
12625
12627
12628
12629
12631
12632
12633
12634
12635
12636
12637
12638
12640
12641
12642
12643
12645
12647
12648
12649
12650
12652
12654
12655
12656
12657
12658
12660
12661
12662
12663
12664
12667
12668
12670
12671
12672
12673
12674
12676
12678
12679
12681
12682
12683
12685
12687
12688
12689
12690
12691
12693
12695
12701
12702
12703
12704
12705
12706
12708
12709
12710
12711
12712
12713
12714
12716
12718
12719
12720
12721
12723
12724
12725
12728
12730
12731
12732
12736
12737
12738
12740
12744
12745
12746
12747
12748
12749
12752
12753
12754
12755
12756
12757
12758
12759
12760
12761
12764
12766
12768
12769
12771
12772
12773
12775
12776
12777
12780
12783
12784
12785
12786
12787
12788
12789
12790
12791
12792
12796
12797
12798
12799
12800
12801
12802
12804
12805
12806
12807
12808
12809
12810
12811
12813
12814
12815
12818
12819
12820
12821
12822
12824
12825
12826
12827
12828
12829
12830
12832
12833
12834
12835
12837
12838
12839
12840
12841
12844
12845
12846
12848
12849
12850
12851
12852
12853
12854
12855
12856
12857
12859
12860
12863
12864
12866
12867
12869
12870
12871
12877
12878
12881
12882
12883
12884
12886
12887
12888
12889
12891
12892
12893
12894
12895
12896
12897
12898
12899
12900
12902
12903
12904
12905
12906
12908
12909
12910
12912
12914
12916
12917
12918
12920
12923
12924
12925
12926
12927
12930
12931
12932
12933
12934
12937
12938
12939
12940
12941
12942
12944
12945
12946
12949
12950
12952
12954
12955
12956
12957
12959
12960
12961
12965
12967
12970
12971
12972
12973
12975
12976
12978
12979
12980
12981
12982
12983
12985
12986
12988
12989
12990
12992
12993
12994
12995
12998
13000
13002
13003
13004
13006
13012
13014
13015
13016
13017
13018
13019
13021
13025
13026
13027
13028
13029
13030
13031
13033
13034
13035
13036
13038
13039
13041
13043
13044
13047
13048
13050
13052
13053
13055
13057
13059
13060
13061
13062
13063
13064
13067
13068
13069
13070
13071
13073
13075
13076
13077
13078
13079
13081
13082
13083
13084
13085
13086
13089
13090
13091
13092
13093
13097
13098
13099
13101
13102
13103
13104
13105
13106
13108
13109
13110
13111
13112
13113
13114
13116
13117
13118
13119
13120
13123
13124
13129
13131
13135
13136
13138
13139
13140
13142
13143
13144
13146
13147
13148
13149
13150
13151
13153
13154
13155
13156
13157
13159
13161
13162
13164
13165
13166
13167
13168
13169
13170
13171
13172
13174
13175
13176
13177
13178
13179
13180
13182
13183
13184
13186
13187
13188
13190
13191
13192
13194
13195
13196
13197
13198
13199
13201
13202
13203
13205
13206
13207
13208
13209
13210
13211
13212
13215
13216
13217
13220
13221
13222
13223
13224
13225
13226
13227
13228
13229
13231
13232
13233
13234
13237
13238
13239
13240
13242
13243
13245
13246
13247
13249
13250
13253
13254
13255
13256
13258
13259
13260
13261
13262
13264
13265
13267
13268
13269
13270
13271
13273
13274
13276
13277
13278
13279
13281
13283
13286
13288
13289
13290
13291
13292
13294
13295
13296
13299
13300
13301
13302
13303
13305
13307
13308
13309
13311
13312
13313
13314
13315
13318
13319
13321
13322
13323
13325
13326
13327
13328
13329
13330
13331
13332
13334
13335
13336
13337
13339
13341
13343
13344
13345
13346
13347
13348
13349
13350
13351
13352
13353
13354
13355
13358
13359
13360
13361
13362
13363
13364
13365
13366
13367
13368
13371
13372
13374
13375
13376
13378
13381
13383
13384
13385
13387
13389
13391
13392
13393
13395
13396
13398
13399
13400
13401
13402
13403
13404
13405
13407
13410
13412
13413
13414
13415
13417
13419
13420
13421
13422
13423
13424
13425
13427
13429
13430
13431
13432
13433
13435
13437
13438
13440
13441
13442
13443
13444
13445
13446
13448
13449
13450
13451
13452
13453
13454
13455
13456
13457
13458
13459
13465
13466
13467
13468
13469
13471
13472
13473
13474
13477
13479
13480
13481
13482
13483
13484
13485
13486
13489
13493
13494
13495
13496
13497
13498
13499
13503
13504
13505
13506
13508
13509
13512
13515
13516
13517
13518
13520
13523
13525
13526
13527
13528
13529
13532
13533
13537
13538
13539
13542
13544
13545
13546
13548
13549
13550
13553
13554
13555
13556
13557
13560
13562
13568
13569
13570
13572
13574
13575
13576
13577
13578
13579
13582
13583
13584
13585
13587
13588
13589
13590
13591
13592
13593
13597
13598
13599
13600
13601
13602
13605
13606
13607
13608
13609
13610
13611
13613
13616
13617
13618
13620
13621
13622
13623
13625
13627
13628
13633
13634
13635
13636
13640
13641
13643
13644
13645
13646
13647
13651
13652
13653
13654
13655
13657
13658
13659
13660
13661
13663
13664
13665
13666
13667
13668
13669
13670
13672
13673
13674
13676
13677
13678
13680
13681
13682
13684
13685
13687
13688
13690
13691
13692
13694
13695
13696
13697
13698
13699
13700
13702
13703
13705
13707
13708
13709
13710
13711
13712
13713
13714
13716
13719
13720
13721
13723
13725
13726
13727
13728
13729
13734
13735
13736
13738
13739
13740
13742
13743
13744
13745
13747
13750
13752
13753
13754
13758
13759
13760
13761
13762
13763
13765
13766
13768
13769
13771
13772
13773
13775
13776
13779
13780
13781
13782
13783
13785
13786
13787
13788
13789
13792
13793
13796
13797
13799
13800
13801
13802
13803
13804
13805
13806
13807
13808
13809
13810
13811
13814
13815
13816
13817
13818
13820
13821
13823
13826
13827
13828
13829
13830
13831
13832
13834
13836
13837
13839
13841
13842
13844
13845
13846
13847
13849
13850
13851
13852
13853
13854
13855
13856
13857
13859
13860
13863
13864
13867
13868
13870
13871
13872
13875
13876
13877
13880
13881
13882
13884
13885
13886
13888
13889
13890
13892
13893
13895
13896
13898
13899
13901
13902
13904
13905
13906
13907
13908
13909
13911
13912
13913
13914
13915
13916
13917
13919
13920
13921
13922
13923
13924
13925
13926
13927
13928
13929
13932
13933
13934
13935
13936
13937
13938
13939
13940
13941
13943
13944
13945
13946
13947
13948
13950
13951
13952
13953
13954
13956
13957
13958
13960
13963
13964
13965
13967
13969
13970
13972
13973
13975
13976
13977
13978
13979
13981
13982
13985
13986
13987
13988
13989
13990
13992
13995
13996
13997
13999
14000
14001
14003
14004
14005
14006
14007
14008
14009
14012
14013
14015
14016
14017
14019
14020
14021
14022
14023
14024
14025
14026
14027
14029
14031
14032
14033
14035
14036
14039
14040
14042
14043
14045
14046
14047
14048
14049
14050
14052
14053
14054
14055
14057
14059
14060
14062
14063
14064
14067
14069
14071
14072
14073
14074
14076
14077
14079
14080
14081
14082
14084
14085
14088
14089
14090
14091
14093
14094
14095
14097
14098
14099
14100
14101
14102
14103
14106
14107
14108
14113
14114
14115
14116
14117
14118
14119
14121
14123
14125
14126
14128
14129
14130
14134
14135
14136
14137
14138
14140
14141
14142
14143
14144
14145
14147
14149
14152
14154
14155
14157
14158
14159
14161
14163
14164
14165
14166
14167
14168
14169
14170
14171
14172
14173
14174
14175
14177
14178
14179
14180
14181
14184
14185
14186
14187
14188
14190
14191
14192
14194
14195
14196
14197
14198
14199
14200
14201
14202
14203
14204
14206
14207
14208
14209
14212
14213
14214
14215
14216
14217
14219
14221
14222
14223
14224
14225
14228
14230
14232
14233
14234
14235
14236
14238
14240
14241
14242
14244
14247
14248
14249
14250
14251
14254
14255
14256
14257
14258
14259
14262
14263
14264
14267
14268
14269
14271
14273
14274
14275
14277
14278
14279
14280
14284
14285
14286
14287
14289
14291
14292
14293
14295
14296
14297
14298
14300
14301
14302
14303
14304
14305
14306
14307
14308
14309
14311
14312
14313
14314
14316
14317
14319
14320
14321
14324
14325
14326
14327
14328
14329
14330
14331
14332
14333
14334
14337
14338
14339
14340
14342
14345
14346
14347
14348
14349
14350
14352
14353
14354
14360
14361
14362
14363
14364
14365
14368
14369
14370
14371
14372
14373
14376
14377
14378
14379
14380
14381
14382
14385
14386
14388
14389
14391
14392
14393
14395
14396
14397
14399
14400
14401
14402
14405
14406
14407
14408
14411
14412
14415
14416
14417
14418
14419
14420
14422
14424
14426
14428
14429
14430
14431
14432
14434
14435
14438
14439
14441
14442
14443
14445
14446
14447
14448
14449
14450
14452
14453
14455
14456
14457
14458
14459
14461
14463
14464
14465
14466
14467
14468
14470
14471
14472
14473
14475
14477
14480
14481
14482
14483
14485
14486
14487
14489
14491
14492
14493
14494
14497
14498
14499
14500
14501
14503
14504
14505
14506
14509
14510
14511
14512
14513
14515
14517
14522
14523
14524
14525
14526
14527
14529
14531
14532
14533
14535
14536
14539
14540
14542
14543
14546
14548
14549
14550
14551
14552
14553
14554
14556
14557
14558
14560
14561
14562
14563
14564
14565
14566
14567
14568
14569
14570
14572
14574
14577
14579
14580
14581
14582
14584
14586
14587
14589
14590
14591
14592
14594
14595
14596
14598
14599
14602
14604
14605
14606
14608
14613
14615
14616
14618
14619
14620
14624
14625
14626
14627
14629
14630
14631
14633
14636
14637
14640
14641
14642
14643
14644
14646
14647
14648
14650
14653
14654
14655
14656
14657
14658
14659
14660
14661
14662
14664
14665
14666
14667
14668
14669
14670
14671
14672
14673
14674
14675
14676
14677
14678
14679
14680
14681
14682
14684
14686
14687
14688
14690
14691
14692
14693
14694
14695
14696
14698
14701
14702
14703
14704
14705
14708
14711
14712
14713
14716
14717
14720
14721
14724
14726
14727
14728
14729
14730
14733
14734
14735
14737
14739
14741
14742
14745
14746
14748
14749
14750
14751
14752
14753
14754
14756
14758
14760
14761
14764
14765
14767
14768
14770
14772
14773
14775
14776
14777
14779
14780
14781
14783
14784
14785
14786
14788
14789
14790
14791
14792
14793
14795
14797
14799
14800
14802
14803
14804
14805
14806
14807
14809
14813
14814
14815
14816
14818
14819
14820
14821
14822
14823
14826
14827
14829
14831
14832
14833
14834
14837
14839
14840
14841
14842
14844
14845
14846
14847
14849
14850
14851
14852
14854
14855
14862
14863
14869
14870
14871
14872
14873
14874
14875
14876
14878
14880
14881
14882
14883
14884
14885
14886
14887
14890
14892
14893
14894
14895
14896
14898
14905
14906
14907
14910
14911
14912
14913
14914
14916
14917
14918
14919
14921
14922
14924
14925
14926
14927
14929
14930
14931
14932
14933
14934
14935
14936
14937
14938
14940
14941
14944
14945
14946
14947
14950
14951
14952
14953
14954
14955
14958
14961
14962
14963
14964
14965
14970
14973
14975
14977
14979
14980
14983
14984
14986
14988
14989
14990
14991
14994
14995
14996
14998
15000
15001
15002
15004
15005
15006
15008
15010
15011
15013
15014
15015
15016
15018
15020
15021
15023
15024
15025
15027
15029
15030
15032
15033
15034
15036
15038
15039
15041
15042
15044
15045
15046
15048
15050
15051
15053
15055
15056
15057
15058
15060
15063
15066
15067
15068
15069
15070
15071
15072
15073
15074
15077
15078
15079
15080
15081
15082
15084
15086
15087
15088
15089
15090
15091
15092
15094
15095
15097
15098
15099
15101
15102
15103
15104
15106
15107
15108
15111
15112
15115
15116
15118
15119
15121
15122
15123
15124
15125
15127
15129
15131
15132
15133
15134
15135
15136
15137
15139
15141
15142
15143
15144
15145
15146
15148
15149
15150
15152
15153
15155
15156
15157
15158
15160
15161
15164
15165
15167
15169
15170
15174
15175
15176
15177
15178
15179
15180
15181
15183
15184
15185
15186
15187
15188
15189
15191
15192
15193
15195
15197
15198
15199
15200
15203
15205
15206
15207
15208
15209
15210
15212
15215
15216
15217
15219
15220
15221
15223
15226
15228
15229
15230
15231
15234
15237
15241
15242
15243
15244
15246
15247
15249
15251
15252
15253
15255
15256
15257
15258
15260
15261
15262
15263
15265
15266
15268
15269
15272
15273
15274
15275
15276
15277
15279
15281
15282
15283
15284
15286
15287
15288
15289
15290
15291
15293
15294
15295
15297
15299
15300
15302
15304
15305
15306
15307
15309
15310
15311
15312
15313
15314
15316
15317
15318
15319
15320
15321
15322
15323
15324
15325
15326
15327
15328
15329
15330
15331
15332
15333
15334
15335
15338
15339
15340
15341
15342
15343
15345
15347
15349
15350
15351
15352
15353
15354
15355
15356
15357
15359
15361
15362
15364
15366
15367
15369
15370
15372
15373
15376
15378
15379
15380
15382
15383
15385
15386
15387
15388
15389
15391
15392
15393
15394
15395
15396
15397
15399
15400
15402
15403
15404
15407
15408
15409
15410
15412
15413
15414
15415
15416
15419
15421
15424
15429
15430
15432
15435
15436
15437
15438
15441
15442
15443
15444
15446
15448
15450
15451
15452
15454
15457
15459
15460
15461
15462
15463
15464
15465
15466
15467
15470
15471
15472
15474
15475
15476
15477
15478
15480
15482
15483
15484
15485
15486
15487
15489
15490
15491
15492
15494
15495
15496
15497
15499
15501
15502
15506
15508
15509
15510
15511
15513
15514
15518
15519
15520
15521
15522
15524
15525
15526
15528
15529
15530
15532
15533
15534
15536
15537
15538
15539
15541
15542
15543
15544
15546
15547
15549
15550
15552
15553
15555
15556
15557
15558
15562
15563
15564
15565
15566
15567
15568
15570
15572
15576
15577
15578
15579
15580
15582
15583
15584
15586
15589
15590
15591
15594
15595
15596
15598
15599
15601
15603
15604
15607
15608
15609
15610
15611
15612
15613
15614
15616
15618
15619
15620
15621
15622
15625
15626
15627
15628
15630
15631
15633
15635
15636
15637
15638
15639
15640
15641
15642
15644
15646
15647
15648
15649
15650
15651
15652
15655
15656
15657
15658
15659
15660
15661
15663
15664
15665
15666
15668
15670
15672
15674
15676
15677
15678
15681
15682
15683
15685
15687
15688
15690
15691
15692
15694
15697
15700
15701
15702
15705
15706
15707
15709
15710
15712
15713
15714
15715
15716
15717
15719
15720
15723
15724
15725
15726
15728
15729
15730
15731
15732
15733
15734
15735
15736
15737
15738
15741
15742
15744
15745
15746
15748
15749
15751
15752
15753
15754
15755
15756
15757
15759
15760
15761
15762
15763
15764
15765
15766
15767
15769
15770
15771
15772
15774
15775
15776
15779
15780
15781
15784
15786
15787
15788
15790
15792
15794
15795
15799
15801
15804
15805
15807
15808
15812
15813
15814
15817
15820
15821
15822
15823
15826
15828
15830
15831
15832
15834
15836
15837
15838
15839
15840
15841
15844
15845
15846
15849
15850
15852
15853
15854
15855
15856
15857
15858
15859
15860
15861
15862
15863
15864
15868
15869
15871
15872
15875
15876
15877
15878
15880
15882
15885
15886
15887
15888
15890
15891
15892
15893
15895
15896
15897
15898
15899
15900
15901
15905
15907
15908
15909
15910
15912
15915
15916
15917
15918
15919
15921
15922
15923
15925
15926
15927
15928
15929
15930
15931
15933
15935
15936
15937
15938
15939
15940
15942
15943
15944
15946
15949
15950
15952
15954
15955
15958
15959
15960
15961
15962
15963
15965
15966
15967
15968
15969
15970
15971
15972
15973
15975
15978
15980
15981
15982
15983
15984
15987
15988
15990
15991
15993
15995
15996
15997
16000
16002
16003
16004
16005
16006
16007
16012
16014
16015
16018
16019
16021
16022
16024
16025
16027
16028
16029
16032
16033
16035
16036
16037
16040
16041
16043
16045
16046
16047
16048
16049
16050
16052
16055
16056
16057
16058
16060
16061
16063
16064
16066
16067
16068
16069
16071
16072
16073
16077
16079
16080
16081
16084
16086
16088
16090
16091
16092
16093
16094
16096
16097
16098
16099
16100
16101
16104
16105
16106
16107
16108
16111
16114
16115
16116
16117
16118
16120
16124
16125
16126
16127
16128
16130
16131
16132
16134
16136
16137
16139
16140
16141
16144
16145
16146
16147
16148
16149
16150
16151
16152
16153
16154
16155
16156
16159
16160
16161
16162
16163
16164
16165
16167
16168
16170
16172
16174
16175
16176
16177
16178
16179
16181
16182
16183
16185
16186
16187
16189
16192
16193
16194
16195
16196
16198
16200
16201
16202
16203
16204
16205
16206
16207
16208
16209
16211
16212
16213
16214
16215
16217
16218
16220
16221
16222
16223
16224
16225
16226
16227
16228
16231
16233
16234
16236
16237
16238
16239
16241
16242
16243
16244
16245
16248
16249
16250
16252
16253
16254
16255
16256
16260
16261
16262
16263
16267
16268
16269
16270
16271
16272
16273
16274
16275
16277
16278
16279
16280
16281
16282
16283
16284
16285
16286
16288
16289
16291
16292
16293
16295
16296
16299
16300
16301
16304
16305
16310
16311
16312
16313
16314
16315
16316
16317
16318
16320
16321
16322
16324
16325
16326
16328
16329
16332
16335
16336
16337
16338
16340
16341
16342
16344
16346
16348
16349
16350
16353
16354
16355
16356
16357
16359
16360
16362
16363
16364
16365
16366
16367
16368
16369
16372
16374
16375
16376
16377
16382
16383
16384
16387
16388
16389
16390
16391
16393
16394
16395
16396
16397
16398
16400
16401
16402
16404
16406
16407
16408
16410
16411
16412
16413
16414
16415
16416
16417
16419
16421
16422
16423
16424
16426
16427
16429
16430
16432
16433
16434
16435
16436
16437
16438
16439
16441
16445
16446
16447
16448
16451
16453
16454
16457
16458
16461
16463
16464
16467
16469
16470
16471
16472
16473
16474
16475
16478
16480
16481
16482
16483
16484
16485
16486
16488
16489
16490
16491
16492
16494
16495
16496
16497
16498
16499
16501
16502
16503
16504
16505
16506
16507
16508
16510
16512
16513
16514
16515
16516
16517
16519
16520
16524
16525
16527
16528
16529
16530
16531
16532
16534
16536
16539
16541
16542
16543
16544
16545
16546
16547
16548
16549
16550
16553
16554
16555
16556
16557
16558
16560
16564
16568
16569
16570
16572
16573
16574
16575
16577
16578
16581
16582
16583
16584
16585
16586
16587
16589
16590
16591
16592
16593
16594
16595
16596
16597
16598
16599
16601
16602
16604
16605
16607
16608
16609
16610
16612
16613
16614
16616
16618
16620
16621
16622
16625
16627
16628
16629
16630
16632
16634
16636
16638
16639
16641
16642
16643
16645
16646
16647
16648
16649
16650
16651
16652
16653
16655
16656
16658
16659
16660
16661
16664
16665
16666
16667
16668
16669
16671
16672
16675
16676
16677
16678
16679
16680
16681
16683
16684
16685
16686
16687
16688
16689
16690
16691
16693
16694
16695
16697
16698
16699
16700
16701
16703
16704
16705
16706
16707
16708
16709
16711
16712
16713
16714
16715
16716
16717
16718
16719
16720
16721
16722
16724
16728
16730
16731
16732
16734
16735
16736
16739
16740
16742
16743
16744
16745
16746
16747
16749
16751
16752
16755
16756
16757
16759
16760
16762
16764
16765
16768
16769
16770
16771
16772
16773
16774
16775
16776
16777
16778
16779
16780
16781
16782
16783
16784
16785
16787
16789
16790
16792
16793
16794
16796
16797
16799
16800
16801
16802
16804
16805
16806
16807
16808
16809
16810
16811
16813
16814
16815
16816
16820
16822
16823
16824
16826
16827
16828
16829
16830
16831
16832
16833
16834
16835
16836
16838
16840
16841
16842
16843
16845
16846
16848
16849
16850
16851
16853
16854
16855
16857
16858
16859
16861
16863
16864
16865
16867
16868
16869
16870
16871
16873
16875
16876
16877
16878
16879
16880
16881
16882
16883
16885
16886
16889
16891
16893
16894
16896
16897
16898
16899
16901
16903
16904
16906
16907
16909
16910
16911
16914
16915
16916
16917
16918
16919
16921
16922
16923
16925
16926
16927
16931
16932
16933
16934
16937
16938
16942
16943
16944
16945
16946
16947
16949
16951
16953
16954
16955
16956
16957
16958
16960
16962
16963
16964
16966
16967
16968
16969
16971
16973
16974
16975
16976
16979
16981
16982
16983
16984
16985
16986
16987
16989
16990
16991
16992
16993
16994
16995
16997
16998
17000
17001
17002
17004
17006
17007
17008
17010
17011
17012
17013
17014
17016
17018
17019
17020
17023
17024
17025
17026
17027
17028
17030
17032
17033
17034
17035
17038
17039
17040
17041
17042
17043
17044
17045
17046
17047
17051
17052
17053
17054
17055
17056
17057
17061
17063
17064
17065
17066
17067
17068
17071
17073
17077
17078
17079
17082
17083
17085
17087
17088
17089
17090
17091
17092
17093
17094
17095
17098
17099
17100
17101
17102
17103
17105
17107
17108
17109
17110
17111
17112
17113
17114
17115
17117
17118
17119
17120
17121
17124
17125
17126
17127
17131
17132
17133
17134
17135
17136
17138
17139
17143
17145
17147
17150
17151
17154
17155
17156
17157
17159
17160
17161
17162
17163
17166
17167
17170
17171
17173
17175
17176
17177
17181
17184
17186
17187
17188
17189
17190
17192
17193
17194
17195
17196
17198
17199
17200
17201
17202
17203
17204
17205
17207
17208
17209
17212
17213
17214
17215
17217
17220
17221
17222
17223
17224
17226
17228
17231
17232
17233
17235
17236
17239
17240
17241
17243
17244
17246
17247
17251
17252
17254
17255
17256
17257
17259
17261
17263
17264
17265
17267
17268
17269
17271
17272
17273
17274
17275
17276
17277
17278
17279
17280
17282
17284
17285
17286
17287
17288
17289
17291
17293
17295
17296
17297
17298
17299
17300
17301
17302
17303
17304
17305
17308
17309
17311
17312
17313
17314
17315
17316
17317
17318
17319
17320
17321
17322
17323
17324
17325
17326
17327
17328
17330
17331
17333
17335
17336
17337
17339
17340
17341
17342
17343
17344
17345
17346
17350
17351
17352
17353
17354
17355
17356
17357
17358
17359
17362
17363
17364
17365
17367
17368
17369
17370
17371
17372
17374
17376
17377
17379
17380
17384
17387
17388
17389
17390
17391
17392
17393
17395
17396
17398
17399
17402
17406
17407
17410
17411
17412
17414
17415
17416
17417
17419
17420
17422
17423
17424
17425
17426
17427
17428
17431
17432
17433
17434
17435
17436
17437
17438
17440
17442
17444
17445
17446
17447
17448
17450
17452
17453
17454
17458
17459
17461
17462
17463
17465
17466
17467
17468
17470
17471
17473
17474
17475
17476
17477
17478
17479
17482
17483
17484
17488
17489
17492
17493
17495
17499
17500
17501
17503
17504
17505
17506
17508
17509
17511
17513
17514
17515
17516
17517
17519
17520
17521
17523
17524
17526
17527
17528
17530
17532
17533
17536
17537
17538
17539
17541
17542
17543
17544
17545
17546
17548
17549
17550
17553
17554
17556
17557
17558
17560
17562
17563
17564
17566
17569
17572
17574
17577
17578
17579
17580
17581
17583
17584
17587
17588
17589
17590
17591
17594
17596
17598
17599
17600
17602
17603
17605
17606
17607
17609
17610
17611
17612
17615
17618
17619
17620
17622
17623
17625
17627
17630
17631
17632
17633
17635
17637
17638
17639
17640
17641
17642
17644
17645
17646
17647
17650
17651
17652
17653
17655
17656
17657
17658
17659
17662
17663
17664
17665
17666
17667
17670
17672
17673
17676
17677
17678
17679
17680
17681
17688
17689
17690
17691
17693
17695
17696
17697
17700
17703
17704
17705
17706
17707
17708
17709
17710
17711
17714
17716
17717
17718
17720
17721
17722
17723
17724
17725
17726
17727
17729
17730
17731
17734
17735
17736
17737
17738
17740
17741
17744
17746
17748
17749
17750
17751
17752
17753
17754
17755
17756
17757
17758
17759
17760
17762
17763
17768
17769
17770
17771
17772
17773
17775
17778
17781
17782
17783
17785
17786
17787
17788
17789
17790
17791
17792
17793
17797
17798
17801
17803
17804
17805
17806
17810
17811
17812
17815
17817
17818
17819
17820
17821
17822
17823
17824
17825
17826
17827
17830
17831
17832
17833
17834
17835
17836
17838
17839
17845
17846
17847
17848
17849
17850
17851
17852
17853
17854
17855
17857
17858
17859
17860
17861
17863
17864
17865
17866
17867
17868
17869
17871
17872
17873
17875
17876
17878
17880
17881
17883
17884
17885
17886
17888
17889
17890
17893
17894
17897
17898
17899
17901
17906
17907
17908
17912
17913
17914
17915
17916
17917
17918
17919
17920
17921
17922
17923
17924
17926
17927
17928
17929
17930
17931
17932
17936
17937
17938
17939
17940
17942
17943
17947
17948
17949
17951
17953
17956
17957
17958
17959
17960
17962
17964
17965
17966
17967
17969
17970
17972
17973
17976
17977
17978
17979
17980
17981
17982
17986
17987
17988
17989
17990
17991
17993
17994
17995
17998
17999
18000
18002
18003
18004
18005
18006
18007
18010
18012
18014
18016
18018
18019
18020
18023
18024
18028
18029
18031
18032
18034
18036
18039
18040
18042
18045
18046
18047
18048
18050
18051
18052
18053
18054
18055
18056
18057
18058
18059
18060
18061
18062
18064
18067
18068
18069
18071
18072
18073
18075
18078
18079
18080
18081
18082
18083
18086
18088
18093
18094
18095
18097
18098
18099
18100
18101
18102
18103
18104
18106
18107
18108
18109
18111
18113
18114
18115
18117
18118
18119
18120
18122
18124
18125
18126
18127
18129
18131
18135
18138
18141
18143
18144
18145
18146
18147
18148
18149
18151
18152
18153
18155
18156
18159
18161
18162
18164
18165
18167
18168
18172
18174
18175
18176
18178
18179
18180
18181
18182
18185
18186
18187
18190
18191
18193
18194
18195
18196
18198
18199
18201
18202
18203
18204
18205
18206
18207
18208
18209
18210
18213
18215
18216
18218
18219
18220
18221
18222
18224
18225
18226
18228
18232
18233
18234
18235
18236
18237
18239
18240
18241
18244
18245
18246
18247
18248
18249
18252
18253
18254
18255
18257
18258
18259
18260
18263
18264
18266
18268
18271
18272
18273
18276
18277
18278
18280
18281
18282
18288
18290
18291
18293
18294
18297
18299
18301
18302
18303
18304
18306
18307
18309
18311
18313
18315
18316
18317
18319
18322
18323
18324
18325
18326
18328
18329
18330
18331
18332
18333
18335
18336
18338
18339
18340
18341
18342
18343
18344
18347
18348
18349
18350
18352
18353
18354
18356
18357
18358
18359
18360
18362
18364
18365
18367
18369
18370
18371
18373
18375
18376
18377
18378
18380
18382
18383
18384
18385
18386
18387
18389
18392
18395
18398
18399
18400
18403
18406
18407
18408
18410
18412
18413
18415
18417
18418
18419
18422
18423
18425
18427
18429
18430
18431
18433
18434
18435
18437
18439
18440
18441
18442
18444
18446
18447
18449
18450
18452
18454
18456
18458
18459
18460
18461
18462
18463
18464
18466
18467
18469
18470
18473
18475
18477
18481
18482
18483
18484
18485
18487
18488
18490
18491
18492
18494
18495
18496
18498
18499
18501
18502
18504
18505
18506
18507
18509
18510
18515
18516
18517
18518
18519
18520
18522
18523
18524
18525
18527
18528
18529
18533
18534
18536
18537
18538
18539
18542
18543
18545
18546
18547
18549
18550
18552
18553
18554
18555
18556
18559
18560
18561
18562
18563
18564
18565
18567
18568
18570
18571
18573
18576
18577
18578
18579
18581
18582
18583
18584
18588
18590
18592
18593
18594
18596
18597
18599
18601
18602
18603
18604
18607
18608
18609
18611
18612
18613
18614
18615
18616
18618
18619
18620
18621
18622
18623
18625
18626
18627
18628
18629
18630
18631
18633
18635
18636
18637
18638
18639
18640
18641
18644
18645
18646
18649
18650
18652
18653
18654
18655
18656
18657
18659
18660
18661
18662
18663
18664
18665
18666
18668
18669
18671
18673
18674
18675
18676
18677
18679
18681
18682
18684
18685
18687
18688
18689
18692
18694
18695
18696
18697
18700
18701
18702
18703
18704
18705
18706
18707
18708
18712
18713
18714
18715
18716
18718
18719
18720
18725
18727
18729
18733
18734
18737
18738
18739
18742
18743
18745
18746
18748
18749
18750
18753
18754
18755
18756
18757
18758
18759
18760
18762
18763
18764
18768
18769
18773
18774
18775
18776
18778
18779
18780
18781
18782
18783
18784
18785
18786
18787
18788
18790
18793
18794
18795
18796
18797
18798
18800
18801
18802
18803
18804
18808
18809
18814
18816
18817
18818
18819
18820
18821
18822
18823
18824
18826
18827
18828
18830
18832
18833
18834
18836
18837
18839
18841
18842
18844
18845
18847
18850
18851
18852
18853
18854
18855
18856
18857
18858
18859
18860
18861
18862
18865
18868
18869
18871
18872
18875
18876
18879
18880
18884
18886
18887
18888
18889
18890
18891
18894
18897
18898
18900
18901
18903
18904
18905
18906
18908
18909
18910
18911
18912
18913
18914
18915
18916
18917
18919
18923
18924
18926
18930
18932
18933
18934
18935
18936
18938
18940
18945
18946
18947
18948
18949
18951
18952
18953
18954
18956
18957
18959
18961
18963
18964
18965
18966
18967
18968
18972
18973
18974
18975
18976
18979
18980
18981
18982
18983
18985
18986
18989
18990
18992
18994
18995
18996
18998
18999
19000
19001
19003
19005
19006
19007
19008
19010
19011
19012
19013
19017
19018
19019
19020
19021
19023
19025
19027
19028
19029
19031
19032
19033
19034
19035
19036
19037
19041
19042
19043
19044
19045
19046
19047
19048
19049
19050
19051
19052
19053
19054
19055
19057
19058
19059
19060
19061
19062
19063
19064
19065
19066
19068
19071
19072
19073
19074
19075
19077
19079
19080
19082
19083
19084
19085
19088
19089
19090
19091
19096
19098
19099
19100
19102
19105
19106
19107
19109
19110
19111
19112
19113
19114
19116
19117
19118
19119
19123
19124
19127
19128
19129
19130
19131
19132
19133
19134
19135
19138
19140
19141
19143
19144
19145
19146
19147
19148
19149
19150
19151
19153
19156
19157
19158
19160
19161
19162
19163
19164
19165
19166
19167
19168
19169
19170
19171
19174
19175
19176
19177
19178
19179
19182
19184
19185
19186
19188
19190
19191
19192
19193
19194
19195
19196
19198
19199
19200
19201
19203
19206
19207
19208
19209
19210
19211
19212
19213
19215
19218
19219
19220
19221
19223
19224
19225
19226
19227
19228
19231
19233
19236
19237
19239
19240
19241
19242
19243
19244
19247
19248
19249
19250
19251
19252
19254
19255
19256
19258
19259
19261
19262
19263
19264
19266
19267
19268
19269
19270
19271
19272
19273
19274
19275
19276
19278
19279
19281
19283
19285
19287
19288
19290
19292
19293
19297
19299
19300
19302
19303
19304
19305
19306
19307
19308
19311
19312
19313
19314
19315
19316
19317
19318
19321
19322
19325
19327
19328
19329
19330
19331
19332
19333
19335
19336
19337
19340
19341
19344
19345
19346
19347
19348
19351
19353
19354
19355
19356
19358
19361
19362
19363
19365
19366
19368
19369
19370
19371
19372
19373
19374
19375
19376
19377
19378
19380
19381
19382
19383
19385
19386
19389
19390
19393
19394
19396
19397
19398
19399
19400
19402
19403
19407
19408
19409
19411
19412
19413
19416
19417
19418
19419
19420
19422
19424
19425
19426
19427
19428
19430
19431
19432
19433
19436
19437
19438
19439
19440
19441
19442
19443
19444
19445
19446
19447
19448
19449
19450
19451
19452
19454
19459
19463
19464
19467
19469
19470
19471
19472
19474
19475
19476
19478
19479
19480
19482
19483
19484
19485
19486
19487
19488
19489
19490
19491
19492
19493
19494
19497
19499
19500
19502
19505
19506
19507
19508
19509
19510
19512
19513
19515
19517
19518
19519
19520
19522
19524
19525
19527
19528
19530
19531
19535
19539
19540
19542
19544
19545
19546
19549
19550
19552
19554
19556
19563
19564
19568
19569
19571
19572
19573
19574
19576
19578
19580
19582
19584
19585
19586
19587
19589
19590
19594
19595
19597
19598
19599
19600
19601
19602
19605
19606
19607
19608
19609
19610
19611
19612
19613
19614
19615
19616
19618
19619
19620
19621
19622
19623
19624
19625
19627
19628
19629
19630
19631
19632
19633
19634
19635
19636
19637
19641
19642
19643
19645
19646
19647
19648
19649
19650
19651
19652
19653
19655
19656
19657
19660
19662
19663
19665
19666
19669
19670
19671
19672
19673
19675
19676
19677
19679
19680
19681
19682
19683
19684
19685
19686
19687
19689
19690
19691
19692
19694
19695
19696
19697
19699
19701
19702
19703
19704
19705
19706
19707
19708
19709
19710
19711
19712
19713
19714
19716
19717
19718
19719
19720
19721
19722
19723
19724
19725
19728
19729
19730
19731
19732
19733
19734
19735
19737
19738
19740
19742
19744
19745
19747
19748
19750
19752
19753
19754
19755
19757
19758
19759
19760
19761
19762
19763
19764
19765
19770
19772
19773
19775
19776
19777
19778
19780
19781
19783
19784
19785
19787
19788
19789
19790
19791
19792
19793
19794
19795
19796
19797
19799
19800
19801
19802
19803
19804
19807
19808
19809
19811
19812
19816
19818
19820
19821
19822
19825
19826
19828
19831
19832
19833
19834
19835
19839
19840
19842
19846
19849
19850
19851
19852
19854
19856
19857
19858
19859
19860
19861
19863
19866
19868
19871
19872
19873
19878
19880
19881
19882
19883
19884
19885
19886
19888
19889
19890
19891
19893
19894
19895
19896
19897
19899
19901
19902
19903
19904
19905
19906
19907
19910
19911
19912
19913
19914
19915
19916
19917
19918
19919
19921
19923
19924
19925
19926
19927
19928
19929
19930
19931
19933
19935
19937
19938
19939
19940
19941
19942
19943
19945
19946
19947
19948
19949
19952
19953
19958
19959
19961
19962
19963
19964
19965
19966
19967
19968
19970
19972
19973
19974
19975
19977
19978
19979
19980
19981
19983
19984
19985
19986
19987
19988
19989
19992
19993
19994
19995
19996
20000
20001
20002
20003
20005
20008
20009
20010
20011
20012
20013
20014
20015
20017
20018
20020
20021
20023
20025
20026
20027
20029
20034
20035
20039
20040
20041
20042
20044
20045
20046
20047
20048
20051
20054
20057
20058
20059
20060
20061
20062
20066
20067
20069
20071
20072
20073
20074
20077
20078
20080
20081
20082
20084
20085
20086
20087
20090
20092
20094
20096
20097
20098
20099
20100
20101
20102
20103
20104
20106
20111
20112
20114
20116
20117
20119
20121
20122
20124
20125
20126
20127
20128
20130
20131
20132
20134
20136
20137
20138
20139
20141
20142
20143
20145
20148
20150
20151
20153
20154
20156
20157
20159
20160
20161
20165
20166
20167
20168
20170
20175
20176
20177
20179
20180
20181
20183
20185
20189
20191
20193
20194
20197
20198
20199
20200
20203
20204
20205
20206
20208
20209
20210
20212
20213
20218
20220
20221
20222
20223
20224
20225
20226
20227
20228
20230
20231
20233
20234
20235
20236
20237
20238
20239
20242
20243
20244
20246
20247
20248
20250
20252
20255
20256
20257
20260
20261
20263
20265
20266
20268
20269
20272
20273
20274
20275
20276
20277
20278
20279
20281
20282
20283
20284
20286
20288
20290
20292
20293
20294
20297
20298
20299
20302
20303
20304
20305
20309
20310
20311
20312
20313
20314
20315
20316
20317
20318
20319
20320
20321
20323
20324
20326
20327
20328
20329
20330
20332
20333
20335
20336
20339
20340
20341
20342
20343
20346
20348
20350
20351
20352
20355
20356
20357
20358
20360
20361
20362
20363
20364
20365
20366
20367
20368
20369
20370
20371
20373
20374
20376
20377
20378
20379
20380
20381
20382
20383
20384
20385
20386
20387
20388
20389
20391
20392
20393
20394
20395
20396
20397
20398
20399
20401
20403
20404
20409
20410
20411
20413
20414
20417
20423
20424
20425
20426
20427
20428
20429
20430
20431
20432
20433
20435
20436
20437
20438
20439
20440
20441
20442
20443
20444
20445
20447
20448
20449
20450
20451
20453
20454
20455
20456
20458
20459
20460
20461
20463
20465
20466
20467
20468
20469
20470
20472
20473
20474
20475
20476
20477
20478
20479
20483
20485
20486
20488
20491
20494
20498
20500
20501
20502
20503
20504
20506
20507
20508
20509
20510
20511
20513
20514
20515
20516
20517
20519
20520
20521
20522
20523
20524
20525
20526
20530
20531
20532
20534
20536
20540
20541
20542
20544
20545
20546
20547
20548
20549
20554
20556
20557
20558
20559
20561
20563
20564
20565
20566
20567
20568
20569
20570
20571
20573
20574
20575
20577
20578
20579
20581
20582
20583
20584
20585
20587
20588
20589
20590
20591
20592
20593
20594
20595
20596
20598
20600
20601
20602
20603
20604
20605
20606
20607
20608
20609
20612
20613
20614
20615
20617
20618
20621
20622
20623
20624
20629
20630
20631
20632
20633
20634
20637
20638
20640
20641
20642
20643
20645
20646
20647
20648
20649
20651
20652
20655
20656
20657
20658
20659
20660
20661
20662
20663
20667
20669
20670
20671
20673
20674
20675
20676
20680
20682
20683
20684
20686
20687
20688
20690
20691
20692
20693
20694
20695
20696
20698
20701
20702
20703
20705
20706
20708
20709
20711
20712
20713
20714
20716
20717
20719
20720
20721
20723
20724
20725
20726
20727
20729
20730
20732
20733
20736
20737
20741
20742
20743
20745
20746
20748
20751
20752
20754
20756
20757
20759
20761
20765
20768
20769
20770
20772
20773
20774
20775
20779
20780
20781
20783
20785
20786
20788
20789
20790
20792
20793
20794
20795
20796
20797
20798
20799
20801
20803
20804
20805
20807
20808
20810
20811
20812
20813
20814
20815
20816
20818
20819
20822
20823
20825
20827
20828
20831
20832
20833
20834
20837
20839
20840
20841
20842
20843
20845
20847
20848
20849
20850
20851
20852
20853
20854
20855
20856
20857
20858
20859
20861
20862
20863
20865
20866
20867
20870
20871
20872
20873
20874
20875
20877
20878
20879
20881
20882
20883
20884
20885
20886
20888
20891
20895
20898
20899
20900
20903
20907
20909
20910
20913
20914
20915
20917
20918
20919
20920
20921
20922
20924
20925
20927
20928
20930
20932
20934
20935
20939
20940
20941
20943
20944
20945
20946
20948
20949
20950
20951
20953
20955
20957
20958
20960
20961
20962
20963
20966
20967
20968
20969
20970
20972
20973
20974
20975
20977
20978
20979
20980
20983
20984
20985
20986
20988
20992
20993
20994
20995
20996
20997
20999
21000
21002
21004
21005
21006
21007
21008
21009
21011
21012
21013
21015
21016
21022
21024
21025
21026
21029
21031
21033
21035
21036
21037
21038
21039
21040
21042
21043
21044
21046
21047
21049
21050
21051
21052
21053
21054
21055
21056
21057
21060
21062
21065
21066
21067
21068
21070
21071
21072
21073
21075
21076
21077
21078
21081
21084
21086
21087
21088
21089
21090
21091
21092
21093
21094
21095
21096
21097
21098
21099
21100
21101
21102
21103
21104
21105
21106
21107
21108
21109
21110
21111
21112
21114
21115
21117
21118
21119
21120
21126
21127
21128
21131
21133
21134
21137
21138
21139
21141
21142
21144
21145
21146
21147
21148
21150
21152
21154
21155
21157
21158
21159
21160
21161
21162
21163
21166
21169
21170
21175
21176
21177
21178
21180
21181
21182
21183
21184
21185
21187
21188
21189
21190
21193
21194
21195
21196
21198
21199
21201
21202
21205
21206
21208
21211
21214
21215
21216
21217
21219
21220
21223
21225
21227
21228
21229
21233
21235
21236
21237
21238
21239
21240
21241
21242
21244
21245
21247
21249
21251
21253
21254
21255
21256
21258
21260
21262
21264
21265
21266
21267
21268
21269
21271
21273
21275
21277
21278
21280
21282
21283
21286
21287
21288
21289
21290
21291
21292
21296
21298
21300
21301
21304
21305
21306
21307
21308
21309
21310
21311
21312
21313
21315
21317
21318
21319
21320
21321
21322
21323
21324
21325
21326
21327
21328
21331
21332
21334
21335
21337
21338
21339
21340
21341
21342
21343
21344
21345
21346
21352
21353
21354
21355
21357
21358
21360
21361
21362
21363
21364
21367
21368
21370
21371
21373
21375
21376
21377
21378
21379
21381
21382
21383
21384
21385
21386
21387
21388
21389
21391
21392
21394
21395
21396
21398
21400
21401
21402
21403
21404
21405
21407
21410
21411
21413
21414
21417
21420
21422
21423
21424
21425
21426
21428
21430
21431
21432
21433
21434
21435
21436
21437
21439
21440
21442
21443
21445
21446
21447
21451
21452
21454
21458
21459
21461
21464
21465
21466
21467
21468
21469
21470
21471
21472
21473
21474
21475
21480
21481
21483
21484
21485
21488
21489
21490
21491
21493
21495
21496
21498
21500
21502
21504
21505
21507
21508
21509
21510
21511
21512
21513
21515
21516
21517
21518
21520
21521
21522
21523
21525
21527
21528
21529
21530
21532
21533
21535
21536
21537
21541
21542
21543
21544
21547
21549
21551
21552
21553
21554
21556
21557
21559
21560
21561
21562
21565
21566
21567
21569
21571
21572
21573
21575
21577
21578
21579
21580
21581
21582
21584
21586
21587
21588
21592
21594
21595
21596
21597
21598
21599
21601
21602
21604
21605
21608
21610
21612
21613
21614
21616
21617
21619
21620
21621
21622
21623
21625
21626
21628
21629
21631
21634
21635
21636
21637
21638
21641
21642
21643
21645
21647
21649
21651
21652
21653
21654
21656
21658
21659
21662
21664
21666
21667
21669
21670
21671
21672
21673
21674
21677
21678
21680
21682
21686
21687
21689
21692
21694
21695
21697
21698
21700
21701
21702
21703
21705
21707
21709
21710
21713
21715
21716
21718
21719
21720
21721
21722
21723
21726
21727
21728
21729
21730
21731
21732
21733
21735
21738
21740
21741
21744
21746
21749
21750
21751
21752
21754
21755
21757
21758
21759
21760
21763
21764
21766
21767
21768
21769
21771
21772
21773
21775
21776
21777
21778
21779
21781
21782
21783
21784
21785
21786
21787
21789
21790
21791
21792
21793
21795
21797
21799
21800
21802
21803
21804
21805
21806
21807
21809
21810
21811
21812
21813
21814
21815
21816
21817
21818
21819
21820
21821
21822
21824
21825
21827
21828
21829
21830
21831
21832
21833
21834
21835
21836
21837
21838
21839
21840
21841
21842
21843
21844
21845
21847
21849
21850
21853
21855
21857
21858
21859
21862
21863
21864
21865
21866
21867
21868
21869
21870
21872
21873
21874
21876
21877
21878
21879
21880
21881
21885
21886
21887
21888
21889
21891
21892
21894
21898
21899
21900
21901
21902
21903
21904
21905
21906
21907
21909
21910
21911
21912
21913
21914
21916
21918
21920
21923
21924
21925
21926
21927
21928
21929
21931
21932
21934
21935
21937
21938
21939
21940
21941
21942
21944
21946
21947
21948
21950
21952
21953
21956
21957
21959
21961
21963
21964
21966
21967
21968
21971
21972
21973
21974
21976
21978
21979
21981
21983
21984
21985
21987
21988
21989
21990
21991
21992
21994
21995
21996
21999
22000
22001
22003
22004
22005
22006
22007
22010
22012
22013
22014
22016
22017
22019
22021
22022
22025
22026
22027
22028
22030
22033
22034
22035
22036
22038
22039
22040
22041
22042
22043
22044
22048
22049
22050
22053
22054
22055
22056
22057
22058
22060
22061
22065
22066
22067
22068
22070
22071
22076
22077
22081
22082
22083
22085
22087
22088
22090
22091
22092
22094
22096
22099
22100
22102
22103
22104
22105
22106
22107
22108
22109
22110
22111
22112
22114
22115
22116
22118
22119
22120
22121
22122
22123
22124
22126
22127
22128
22129
22130
22131
22132
22133
22134
22136
22137
22139
22140
22141
22142
22143
22144
22147
22148
22149
22150
22151
22152
22153
22154
22155
22156
22157
22159
22162
22164
22166
22167
22168
22169
22170
22172
22173
22177
22178
22179
22180
22182
22183
22184
22186
22187
22191
22192
22196
22197
22198
22200
22202
22204
22207
22209
22210
22211
22212
22213
22217
22218
22220
22221
22222
22224
22225
22227
22228
22231
22233
22234
22237
22238
22239
22240
22242
22243
22244
22245
22247
22248
22249
22250
22252
22253
22255
22257
22258
22260
22261
22263
22264
22265
22269
22270
22271
22273
22274
22275
22276
22277
22278
22279
22280
22282
22283
22284
22286
22287
22288
22289
22290
22292
22294
22296
22299
22300
22301
22303
22304
22309
22311
22313
22314
22315
22317
22318
22322
22323
22324
22325
22326
22327
22328
22330
22332
22333
22335
22336
22339
22340
22342
22343
22344
22346
22347
22348
22350
22351
22353
22355
22356
22357
22358
22360
22361
22362
22363
22364
22366
22367
22368
22370
22372
22373
22374
22375
22376
22377
22382
22383
22385
22386
22389
22390
22391
22392
22394
22395
22396
22399
22401
22402
22403
22404
22405
22406
22407
22408
22409
22410
22411
22412
22413
22415
22416
22417
22419
22420
22422
22424
22429
22430
22432
22438
22439
22440
22442
22443
22444
22446
22447
22448
22449
22451
22452
22454
22455
22458
22460
22461
22463
22464
22466
22467
22469
22471
22473
22475
22476
22483
22484
22485
22486
22487
22490
22491
22492
22496
22499
22500
22502
22503
22507
22508
22509
22510
22511
22512
22514
22515
22517
22518
22519
22521
22522
22523
22525
22526
22528
22529
22530
22531
22534
22535
22537
22538
22539
22540
22541
22542
22543
22544
22546
22547
22548
22550
22553
22554
22555
22556
22558
22559
22561
22562
22565
22567
22568
22570
22571
22573
22574
22575
22576
22577
22578
22579
22580
22582
22583
22586
22588
22591
22592
22593
22594
22595
22596
22598
22599
22603
22604
22607
22608
22610
22611
22612
22613
22614
22616
22618
22621
22622
22623
22628
22631
22632
22633
22635
22636
22637
22638
22640
22641
22642
22644
22645
22646
22647
22648
22649
22650
22651
22652
22653
22654
22655
22656
22657
22658
22659
22660
22661
22662
22663
22664
22666
22667
22670
22671
22672
22673
22674
22675
22676
22678
22679
22680
22681
22682
22685
22686
22687
22688
22689
22690
22691
22693
22694
22695
22696
22697
22699
22701
22704
22705
22709
22710
22711
22712
22714
22715
22716
22717
22719
22720
22721
22724
22727
22728
22732
22733
22734
22735
22736
22743
22744
22745
22746
22748
22749
22750
22752
22753
22754
22755
22756
22757
22759
22760
22761
22762
22763
22765
22766
22767
22768
22769
22770
22771
22773
22774
22775
22776
22777
22778
22779
22781
22782
22785
22787
22788
22789
22791
22792
22795
22796
22797
22798
22799
22800
22801
22802
22804
22805
22806
22807
22809
22811
22813
22814
22815
22817
22819
22820
22823
22824
22826
22827
22828
22830
22832
22833
22834
22836
22838
22839
22840
22842
22843
22844
22850
22851
22853
22854
22856
22857
22858
22861
22862
22863
22864
22868
22869
22870
22871
22872
22873
22875
22877
22878
22879
22882
22883
22884
22885
22888
22889
22891
22892
22893
22895
22896
22897
22898
22899
22900
22901
22902
22903
22904
22905
22906
22907
22908
22909
22910
22912
22914
22916
22917
22918
22921
22922
22923
22924
22926
22927
22929
22931
22932
22933
22934
22935
22936
22937
22939
22940
22941
22942
22943
22945
22946
22948
22949
22952
22953
22957
22958
22959
22962
22963
22967
22968
22969
22970
22971
22973
22974
22975
22977
22978
22980
22982
22983
22985
22987
22988
22989
22990
22992
22993
22994
22999
23000
23002
23004
23005
23007
23008
23009
23010
23011
23013
23014
23015
23016
23017
23018
23019
23020
23021
23022
23023
23024
23025
23028
23029
23032
23033
23034
23036
23037
23038
23039
23041
23042
23043
23044
23046
23047
23048
23049
23051
23055
23059
23062
23063
23064
23066
23067
23068
23072
23073
23075
23076
23077
23078
23079
23081
23082
23083
23084
23088
23090
23093
23094
23095
23096
23097
23099
23100
23102
23103
23104
23105
23106
23107
23109
23110
23111
23112
23115
23116
23118
23120
23121
23122
23124
23125
23128
23129
23130
23132
23134
23135
23136
23137
23138
23139
23140
23141
23142
23143
23144
23146
23148
23149
23150
23151
23152
23153
23155
23156
23157
23158
23159
23161
23162
23163
23164
23166
23167
23168
23169
23170
23171
23173
23174
23175
23176
23178
23179
23180
23181
23182
23183
23184
23186
23188
23190
23191
23192
23193
23195
23197
23198
23199
23201
23203
23204
23205
23206
23207
23208
23209
23210
23212
23213
23214
23215
23216
23217
23218
23219
23221
23222
23224
23226
23228
23230
23232
23233
23234
23235
23236
23238
23240
23241
23242
23245
23246
23247
23249
23252
23254
23256
23257
23259
23261
23262
23263
23264
23265
23266
23267
23268
23270
23271
23272
23273
23275
23277
23280
23281
23283
23284
23285
23287
23288
23291
23292
23293
23294
23295
23296
23297
23298
23299
23302
23304
23305
23306
23307
23308
23309
23312
23313
23314
23315
23316
23318
23321
23322
23323
23327
23328
23329
23331
23332
23333
23334
23336
23338
23339
23340
23342
23344
23346
23347
23348
23349
23350
23352
23353
23356
23357
23359
23360
23362
23363
23364
23365
23366
23368
23369
23370
23371
23372
23373
23374
23377
23378
23379
23380
23383
23385
23386
23387
23388
23390
23391
23392
23393
23394
23395
23396
23398
23399
23401
23402
23403
23404
23405
23407
23409
23410
23411
23412
23414
23415
23416
23417
23418
23420
23421
23422
23423
23424
23425
23426
23427
23428
23431
23432
23433
23434
23435
23437
23438
23439
23440
23441
23442
23443
23444
23445
23446
23448
23449
23450
23452
23453
23455
23456
23457
23458
23460
23461
23464
23465
23466
23467
23469
23470
23471
23472
23474
23475
23476
23477
23478
23480
23482
23484
23485
23488
23493
23494
23495
23496
23497
23498
23499
23500
23501
23502
23503
23505
23507
23508
23509
23510
23511
23512
23513
23515
23517
23518
23519
23520
23521
23522
23523
23525
23526
23527
23528
23529
23530
23532
23533
23534
23535
23537
23541
23543
23544
23546
23548
23549
23551
23553
23554
23556
23557
23560
23562
23564
23565
23566
23567
23568
23570
23571
23572
23573
23575
23576
23577
23578
23580
23581
23583
23585
23586
23587
23588
23589
23590
23591
23592
23594
23596
23597
23598
23599
23600
23601
23604
23605
23607
23608
23609
23611
23612
23614
23615
23617
23624
23625
23626
23628
23630
23632
23633
23634
23636
23637
23639
23640
23641
23642
23646
23648
23649
23650
23652
23653
23655
23656
23657
23660
23662
23663
23665
23666
23667
23668
23669
23670
23671
23674
23675
23677
23678
23679
23680
23681
23682
23683
23685
23686
23688
23689
23690
23691
23692
23693
23694
23696
23697
23701
23703
23704
23705
23706
23707
23708
23711
23712
23713
23714
23717
23718
23720
23721
23722
23724
23725
23726
23727
23728
23730
23732
23733
23735
23736
23737
23739
23741
23742
23744
23745
23746
23747
23748
23749
23750
23752
23754
23755
23756
23758
23759
23760
23761
23763
23764
23765
23766
23768
23769
23770
23771
23772
23773
23774
23775
23776
23777
23778
23779
23780
23781
23782
23783
23784
23785
23786
23787
23788
23790
23792
23793
23794
23795
23796
23797
23798
23799
23800
23801
23802
23804
23805
23806
23808
23811
23812
23813
23815
23817
23818
23819
23821
23822
23823
23824
23826
23828
23832
23833
23836
23837
23839
23840
23842
23843
23844
23845
23846
23847
23848
23851
23852
23854
23855
23856
23857
23858
23859
23860
23861
23863
23864
23865
23866
23867
23868
23869
23870
23871
23873
23874
23875
23876
23877
23878
23879
23880
23883
23884
23885
23886
23887
23888
23889
23891
23893
23895
23896
23898
23899
23900
23901
23902
23904
23905
23906
23908
23909
23910
23912
23913
23914
23916
23917
23921
23922
23923
23927
23928
23929
23930
23931
23932
23933
23934
23935
23938
23939
23940
23941
23943
23944
23946
23947
23948
23949
23950
23952
23953
23955
23956
23958
23959
23960
23961
23962
23963
23968
23969
23971
23972
23973
23974
23975
23976
23977
23978
23979
23980
23981
23982
23986
23987
23988
23989
23991
23992
23993
23994
23995
23996
23998
23999
24000
24002
24003
24004
24006
24007
24008
24010
24012
24013
24014
24015
24019
24020
24022
24026
24029
24030
24031
24033
24034
24035
24036
24037
24039
24040
24041
24042
24043
24044
24046
24047
24048
24049
24050
24052
24053
24055
24056
24057
24059
24060
24061
24062
24063
24064
24065
24066
24067
24068
24070
24071
24073
24075
24079
24081
24082
24083
24084
24085
24087
24088
24089
24092
24094
24095
24097
24099
24100
24101
24102
24103
24104
24105
24107
24109
24112
24113
24114
24117
24118
24119
24122
24123
24124
24125
24127
24128
24129
24131
24133
24136
24139
24140
24142
24143
24144
24146
24148
24150
24152
24153
24154
24155
24156
24157
24158
24159
24161
24163
24164
24166
24167
24168
24169
24171
24172
24174
24175
24176
24178
24179
24180
24181
24187
24188
24189
24190
24191
24192
24194
24195
24196
24197
24198
24199
24201
24204
24206
24207
24209
24211
24213
24214
24215
24216
24217
24218
24219
24220
24221
24222
24223
24228
24229
24230
24231
24232
24233
24236
24240
24241
24242
24243
24245
24246
24247
24248
24249
24250
24252
24254
24255
24256
24258
24259
24260
24261
24262
24263
24267
24268
24271
24272
24274
24275
24276
24281
24282
24283
24284
24285
24286
24287
24290
24291
24294
24295
24297
24298
24300
24301
24302
24306
24307
24308
24309
24310
24311
24313
24314
24317
24318
24319
24320
24321
24323
24324
24326
24328
24329
24331
24332
24334
24335
24336
24337
24338
24339
24340
24341
24343
24344
24345
24346
24347
24348
24350
24352
24353
24354
24355
24357
24359
24361
24363
24364
24365
24366
24367
24369
24371
24372
24373
24374
24375
24376
24377
24379
24380
24381
24382
24383
24384
24385
24387
24388
24389
24392
24393
24394
24395
24396
24397
24399
24400
24403
24404
24405
24406
24407
24408
24409
24413
24414
24415
24416
24418
24419
24420
24421
24422
24424
24426
24428
24429
24430
24432
24434
24437
24440
24441
24443
24444
24445
24446
24447
24449
24451
24452
24453
24456
24458
24459
24460
24461
24462
24465
24466
24467
24468
24469
24471
24474
24475
24476
24479
24480
24481
24482
24484
24485
24487
24489
24490
24491
24492
24495
24496
24497
24498
24499
24500
24503
24504
24506
24510
24511
24512
24515
24516
24517
24518
24520
24521
24522
24523
24524
24525
24526
24530
24531
24532
24533
24534
24535
24536
24537
24538
24539
24540
24542
24545
24547
24549
24550
24551
24552
24553
24554
24555
24556
24557
24559
24560
24561
24563
24566
24567
24570
24571
24573
24575
24576
24577
24578
24580
24583
24584
24586
24587
24588
24589
24590
24592
24593
24594
24595
24596
24597
24599
24600
24601
24602
24605
24606
24609
24610
24611
24612
24614
24615
24617
24618
24621
24622
24623
24625
24626
24627
24628
24629
24630
24631
24632
24633
24635
24636
24639
24640
24643
24644
24645
24646
24647
24648
24650
24653
24655
24657
24659
24660
24661
24662
24664
24665
24666
24668
24669
24671
24673
24674
24675
24677
24678
24680
24681
24682
24685
24686
24687
24688
24690
24691
24694
24695
24696
24697
24698
24700
24701
24702
24703
24705
24706
24708
24709
24710
24711
24713
24715
24718
24725
24727
24728
24730
24732
24733
24734
24735
24736
24739
24740
24741
24742
24743
24745
24746
24749
24750
24751
24753
24754
24755
24756
24757
24760
24761
24762
24763
24764
24767
24768
24770
24773
24774
24775
24776
24777
24779
24780
24782
24783
24784
24786
24788
24789
24790
24792
24797
24800
24802
24803
24804
24805
24806
24812
24813
24815
24817
24818
24819
24820
24821
24822
24823
24824
24825
24826
24827
24828
24829
24830
24831
24832
24833
24837
24838
24839
24840
24842
24844
24845
24847
24849
24850
24851
24852
24853
24854
24855
24856
24858
24859
24861
24862
24863
24866
24867
24869
24870
24871
24872
24873
24874
24876
24878
24879
24880
24881
24882
24883
24885
24886
24887
24888
24889
24891
24893
24894
24895
24897
24898
24900
24901
24902
24904
24906
24909
24911
24913
24914
24917
24918
24921
24922
24924
24926
24927
24928
24930
24931
24932
24933
24934
24935
24939
24940
24941
24942
24944
24945
24946
24948
24949
24952
24953
24954
24955
24958
24960
24961
24962
24963
24965
24966
24968
24970
24971
24972
24973
24974
24976
24978
24979
24980
24981
24983
24984
24987
24988
24990
24991
24992
24994
24995
24996
24998
24999
25000
25001
25002
25006
25007
25008
25010
25011
25012
25014
25015
25016
25017
25019
25020
25021
25022
25023
25025
25026
25027
25028
25031
25032
25033
25034
25035
25038
25039
25041
25042
25044
25046
25048
25051
25052
25053
25054
25055
25056
25057
25058
25061
25062
25063
25064
25065
25066
25067
25068
25069
25070
25071
25073
25074
25075
25076
25077
25078
25079
25080
25081
25082
25084
25085
25086
25089
25090
25091
25093
25095
25098
25099
25100
25101
25103
25104
25107
25109
25111
25112
25114
25115
25116
25117
25119
25120
25121
25122
25123
25124
25125
25126
25127
25130
25132
25134
25135
25137
25138
25139
25142
25143
25145
25146
25149
25151
25152
25156
25157
25159
25160
25161
25162
25163
25167
25168
25169
25171
25172
25173
25174
25178
25179
25180
25182
25183
25184
25186
25187
25190
25191
25193
25195
25199
25200
25201
25202
25204
25207
25208
25209
25211
25213
25214
25215
25217
25218
25219
25220
25221
25222
25223
25227
25228
25229
25230
25231
25234
25235
25237
25238
25239
25241
25244
25245
25247
25248
25252
25253
25255
25257
25258
25259
25261
25262
25265
25266
25270
25271
25272
25275
25276
25277
25279
25281
25283
25285
25286
25287
25288
25289
25290
25293
25295
25297
25298
25300
25303
25304
25305
25306
25307
25309
25310
25313
25315
25317
25318
25320
25321
25323
25325
25327
25328
25330
25332
25333
25334
25335
25336
25337
25338
25339
25341
25342
25343
25345
25348
25349
25351
25354
25355
25356
25357
25358
25359
25360
25361
25362
25363
25364
25365
25367
25369
25372
25375
25376
25378
25379
25380
25381
25385
25386
25387
25388
25390
25391
25392
25393
25395
25397
25401
25402
25403
25404
25405
25406
25407
25408
25409
25410
25411
25414
25418
25420
25421
25422
25424
25425
25426
25428
25429
25431
25432
25436
25437
25438
25439
25440
25443
25444
25445
25447
25448
25449
25450
25451
25452
25454
25458
25459
25460
25463
25464
25465
25466
25467
25468
25469
25470
25471
25472
25473
25474
25475
25477
25478
25479
25480
25481
25483
25484
25485
25487
25488
25489
25490
25492
25496
25498
25499
25500
25501
25502
25504
25505
25506
25508
25509
25511
25512
25513
25515
25516
25517
25518
25519
25521
25522
25523
25524
25528
25529
25532
25534
25535
25536
25537
25538
25539
25540
25542
25543
25544
25545
25546
25548
25549
25550
25552
25553
25554
25555
25556
25557
25558
25559
25563
25564
25565
25569
25570
25571
25572
25573
25574
25576
25578
25579
25580
25581
25582
25584
25587
25589
25590
25591
25592
25593
25594
25597
25598
25600
25601
25603
25604
25605
25606
25607
25608
25610
25611
25612
25614
25615
25617
25618
25619
25620
25621
25624
25625
25626
25627
25628
25631
25632
25633
25634
25635
25636
25638
25639
25640
25641
25643
25648
25649
25651
25653
25656
25659
25660
25661
25662
25663
25665
25666
25667
25668
25670
25671
25672
25673
25676
25677
25678
25679
25680
25681
25682
25684
25685
25687
25688
25689
25690
25693
25694
25695
25696
25697
25699
25703
25705
25706
25708
25709
25712
25713
25714
25715
25716
25718
25719
25720
25721
25722
25723
25724
25725
25726
25729
25730
25731
25732
25733
25734
25735
25736
25738
25739
25741
25742
25743
25744
25745
25746
25748
25752
25753
25755
25756
25757
25758
25760
25761
25762
25763
25764
25765
25767
25768
25770
25771
25773
25774
25775
25776
25778
25780
25783
25784
25786
25788
25789
25790
25791
25792
25793
25794
25795
25796
25797
25799
25801
25802
25803
25804
25805
25807
25808
25809
25810
25812
25813
25816
25817
25818
25820
25821
25822
25823
25827
25828
25829
25830
25831
25832
25833
25834
25836
25839
25843
25844
25845
25846
25847
25849
25850
25851
25853
25854
25855
25857
25858
25859
25862
25866
25868
25869
25871
25872
25873
25875
25878
25879
25880
25881
25882
25883
25884
25887
25888
25890
25891
25894
25895
25896
25897
25900
25902
25904
25905
25906
25907
25912
25913
25914
25915
25916
25917
25919
25921
25922
25924
25926
25928
25929
25930
25933
25934
25936
25937
25938
25939
25940
25942
25944
25945
25947
25948
25949
25950
25952
25953
25955
25956
25962
25967
25968
25970
25973
25974
25975
25976
25977
25978
25979
25981
25983
25984
25985
25986
25987
25989
25992
25993
25994
25996
25997
25998
25999
26002
26003
26005
26006
26008
26010
26011
26012
26015
26018
26020
26021
26022
26023
26024
26025
26026
26027
26029
26030
26032
26034
26035
26036
26037
26038
26039
26040
26041
26042
26044
26045
26046
26050
26054
26055
26056
26057
26058
26059
26060
26062
26064
26065
26068
26069
26070
26071
26072
26073
26074
26075
26076
26078
26081
26082
26083
26085
26089
26091
26092
26093
26095
26097
26098
26099
26100
26101
26102
26103
26105
26106
26107
26109
26112
26113
26115
26116
26117
26118
26119
26120
26121
26123
26124
26128
26129
26130
26131
26132
26133
26134
26135
26136
26137
26138
26139
26142
26144
26145
26146
26147
26148
26149
26151
26152
26154
26155
26156
26157
26158
26159
26160
26162
26163
26164
26166
26167
26169
26170
26171
26172
26173
26174
26175
26178
26179
26180
26181
26182
26187
26188
26189
26190
26193
26194
26195
26198
26200
26201
26202
26205
26206
26207
26208
26209
26211
26212
26213
26214
26215
26216
26218
26219
26220
26221
26222
26223
26224
26225
26226
26227
26228
26229
26230
26231
26234
26237
26238
26239
26242
26243
26245
26246
26247
26248
26249
26251
26253
26254
26256
26258
26259
26261
26262
26263
26264
26265
26266
26267
26268
26269
26270
26271
26272
26273
26274
26276
26278
26280
26281
26282
26283
26284
26285
26286
26289
26290
26291
26292
26293
26294
26295
26296
26297
26298
26299
26300
26302
26303
26304
26307
26309
26310
26311
26312
26313
26316
26317
26318
26319
26320
26321
26322
26325
26326
26327
26328
26329
26331
26333
26335
26336
26337
26339
26343
26345
26346
26347
26348
26350
26351
26355
26356
26357
26358
26359
26360
26361
26362
26363
26367
26370
26371
26373
26374
26376
26377
26381
26382
26383
26385
26386
26388
26390
26391
26393
26394
26396
26397
26398
26399
26400
26401
26402
26404
26406
26407
26409
26410
26411
26413
26415
26416
26418
26419
26423
26424
26425
26426
26428
26430
26431
26432
26433
26434
26435
26437
26439
26440
26443
26444
26445
26446
26448
26449
26450
26452
26453
26454
26456
26457
26458
26462
26463
26464
26465
26466
26467
26469
26471
26472
26474
26476
26478
26479
26480
26481
26482
26484
26487
26488
26490
26491
26493
26494
26495
26497
26498
26500
26502
26504
26505
26507
26508
26509
26511
26512
26513
26516
26517
26518
26519
26520
26521
26522
26525
26526
26527
26528
26531
26532
26533
26534
26538
26540
26541
26542
26543
26544
26545
26546
26548
26549
26550
26551
26552
26553
26554
26555
26559
26560
26561
26562
26563
26564
26565
26568
26569
26570
26572
26576
26577
26578
26580
26581
26582
26583
26584
26586
26587
26592
26593
26594
26596
26597
26598
26602
26603
26604
26606
26607
26608
26609
26611
26612
26613
26614
26615
26616
26618
26619
26620
26622
26624
26626
26628
26630
26631
26632
26633
26634
26635
26637
26638
26639
26640
26641
26643
26644
26645
26647
26648
26649
26650
26651
26653
26654
26655
26660
26662
26663
26664
26665
26666
26667
26668
26669
26670
26672
26673
26674
26675
26676
26678
26679
26680
26682
26683
26684
26685
26687
26688
26689
26690
26692
26693
26694
26695
26696
26698
26699
26700
26701
26702
26703
26704
26708
26709
26711
26712
26713
26714
26715
26716
26717
26718
26720
26722
26723
26724
26725
26726
26727
26731
26732
26733
26734
26740
26741
26742
26743
26745
26746
26747
26750
26751
26753
26754
26756
26758
26759
26760
26762
26765
26766
26768
26769
26772
26773
26776
26777
26778
26779
26780
26781
26782
26783
26784
26786
26787
26788
26790
26791
26792
26793
26794
26795
26796
26797
26798
26799
26800
26801
26802
26804
26805
26806
26807
26808
26809
26810
26811
26812
26813
26814
26815
26817
26820
26821
26822
26823
26825
26826
26827
26828
26832
26834
26837
26838
26839
26840
26841
26842
26843
26844
26845
26847
26848
26849
26850
26851
26853
26854
26855
26857
26858
26859
26860
26861
26863
26864
26865
26867
26868
26869
26870
26871
26872
26873
26875
26877
26878
26879
26880
26881
26882
26883
26884
26885
26888
26889
26890
26891
26892
26895
26896
26897
26898
26899
26901
26902
26903
26904
26905
26906
26907
26909
26910
26911
26912
26915
26917
26918
26919
26920
26921
26922
26923
26925
26926
26927
26929
26930
26931
26932
26933
26934
26935
26938
26941
26942
26943
26944
26947
26950
26952
26953
26954
26955
26956
26957
26958
26959
26960
26962
26963
26964
26965
26968
26971
26972
26973
26974
26975
26976
26977
26978
26980
26981
26983
26984
26985
26986
26987
26988
26989
26990
26991
26992
26993
26994
26998
26999
27000
27002
27003
27004
27006
27009
27010
27013
27015
27017
27018
27020
27021
27022
27024
27025
27026
27027
27029
27030
27032
27033
27034
27035
27036
27037
27038
27039
27042
27044
27045
27046
27047
27050
27051
27052
27053
27054
27055
27059
27060
27061
27063
27065
27066
27067
27068
27070
27071
27072
27073
27074
27075
27076
27077
27078
27080
27081
27083
27085
27088
27089
27090
27092
27093
27094
27096
27098
27100
27101
27102
27103
27104
27105
27106
27107
27111
27113
27114
27115
27116
27117
27118
27119
27122
27123
27124
27125
27126
27127
27128
27129
27130
27131
27132
27133
27135
27136
27137
27138
27139
27140
27141
27144
27145
27146
27147
27149
27151
27152
27153
27154
27156
27158
27159
27160
27161
27162
27164
27165
27167
27168
27169
27170
27172
27173
27174
27175
27178
27181
27182
27183
27184
27185
27187
27188
27192
27193
27195
27196
27197
27199
27200
27201
27202
27204
27205
27206
27207
27208
27213
27214
27215
27217
27218
27219
27220
27222
27223
27225
27226
27228
27230
27232
27234
27235
27237
27238
27240
27242
27244
27246
27248
27250
27256
27259
27261
27262
27265
27268
27269
27271
27272
27273
27274
27275
27277
27279
27280
27281
27285
27286
27288
27289
27291
27293
27295
27296
27297
27298
27299
27300
27301
27302
27303
27304
27305
27306
27308
27309
27311
27313
27314
27315
27316
27317
27321
27324
27325
27326
27327
27328
27329
27330
27331
27333
27334
27335
27338
27339
27340
27341
27342
27343
27344
27345
27346
27347
27349
27350
27351
27353
27354
27355
27356
27357
27359
27361
27362
27363
27366
27367
27368
27369
27370
27371
27372
27374
27375
27376
27377
27378
27379
27380
27381
27382
27386
27387
27389
27390
27391
27395
27397
27399
27400
27401
27402
27404
27405
27406
27407
27408
27410
27411
27412
27413
27414
27415
27417
27419
27421
27422
27423
27424
27425
27426
27428
27430
27433
27434
27435
27436
27438
27440
27441
27443
27444
27446
27447
27448
27449
27450
27451
27452
27453
27455
27456
27457
27458
27459
27460
27462
27463
27464
27465
27469
27471
27472
27473
27474
27476
27477
27478
27482
27483
27484
27486
27487
27488
27489
27490
27491
27492
27493
27495
27496
27497
27500
27503
27504
27505
27508
27509
27510
27512
27513
27514
27515
27516
27517
27518
27519
27521
27522
27523
27524
27525
27527
27528
27529
27531
27532
27534
27535
27536
27537
27540
27542
27544
27545
27546
27547
27548
27549
27550
27551
27552
27553
27554
27556
27557
27558
27559
27560
27561
27562
27563
27564
27566
27568
27569
27570
27572
27573
27575
27576
27577
27578
27580
27583
27584
27586
27587
27588
27589
27590
27591
27593
27595
27596
27597
27601
27602
27603
27604
27606
27607
27609
27610
27612
27613
27614
27616
27617
27619
27620
27621
27622
27624
27625
27627
27628
27629
27630
27631
27632
27633
27634
27637
27640
27641
27642
27643
27644
27647
27648
27649
27650
27651
27652
27653
27654
27655
27656
27657
27658
27659
27660
27661
27662
27664
27665
27666
27667
27668
27669
27671
27674
27675
27676
27677
27678
27679
27680
27681
27682
27683
27684
27685
27686
27687
27688
27689
27691
27692
27693
27695
27696
27699
27700
27702
27704
27705
27706
27707
27708
27710
27711
27714
27715
27716
27717
27718
27719
27720
27721
27722
27723
27724
27727
27730
27731
27732
27733
27734
27736
27738
27739
27740
27741
27742
27743
27745
27746
27747
27748
27749
27750
27752
27753
27754
27755
27756
27757
27758
27759
27760
27762
27765
27767
27768
27769
27771
27772
27774
27775
27776
27779
27780
27781
27782
27783
27784
27785
27786
27790
27791
27793
27794
27797
27801
27803
27804
27805
27807
27809
27811
27812
27813
27815
27816
27817
27818
27819
27821
27822
27823
27824
27825
27826
27827
27828
27829
27830
27831
27832
27833
27834
27835
27837
27839
27841
27842
27845
27846
27847
27849
27850
27851
27852
27853
27855
27856
27857
27858
27861
27864
27865
27866
27868
27869
27870
27871
27872
27873
27875
27876
27877
27878
27879
27882
27883
27886
27887
27888
27889
27890
27892
27893
27894
27895
27897
27899
27900
27903
27904
27905
27906
27909
27911
27912
27914
27915
27916
27917
27918
27919
27922
27923
27924
27926
27928
27930
27931
27932
27933
27934
27935
27937
27938
27940
27942
27943
27945
27946
27947
27950
27951
27952
27953
27954
27955
27956
27959
27960
27961
27966
27967
27968
27969
27970
27971
27972
27973
27974
27975
27976
27977
27978
27979
27980
27982
27983
27984
27985
27986
27987
27988
27991
27992
27994
27996
27998
27999
28000
28001
28004
28007
28010
28011
28012
28013
28014
28015
28016
28017
28019
28020
28021
28022
28023
28024
28025
28028
28029
28030
28032
28033
28034
28035
28037
28039
28040
28042
28044
28045
28050
28051
28052
28054
28055
28056
28057
28058
28059
28060
28063
28064
28065
28066
28067
28069
28070
28071
28072
28074
28075
28076
28077
28078
28079
28080
28081
28082
28084
28085
28086
28088
28089
28092
28095
28096
28097
28098
28099
28101
28102
28103
28104
28105
28107
28108
28109
28110
28111
28112
28114
28116
28117
28118
28120
28122
28124
28125
28126
28127
28129
28130
28131
28132
28133
28136
28137
28138
28140
28142
28143
28144
28145
28146
28147
28149
28150
28151
28152
28154
28156
28157
28159
28160
28161
28162
28163
28164
28165
28169
28171
28173
28174
28175
28176
28177
28178
28179
28180
28181
28182
28183
28184
28186
28187
28188
28189
28191
28192
28193
28196
28199
28200
28201
28202
28204
28208
28211
28212
28213
28214
28218
28219
28221
28223
28225
28226
28227
28228
28230
28231
28232
28237
28238
28239
28241
28242
28243
28244
28245
28246
28247
28248
28249
28251
28252
28253
28255
28257
28258
28259
28260
28261
28262
28263
28264
28265
28267
28268
28270
28271
28273
28274
28276
28278
28279
28280
28281
28282
28283
28284
28285
28286
28287
28290
28291
28292
28293
28295
28297
28300
28301
28302
28303
28304
28307
28308
28309
28311
28314
28315
28316
28317
28318
28319
28320
28322
28324
28325
28326
28327
28329
28330
28333
28334
28335
28336
28337
28339
28340
28343
28344
28347
28348
28349
28350
28351
28353
28354
28355
28357
28358
28359
28360
28361
28364
28365
28366
28367
28368
28371
28374
28375
28376
28378
28379
28380
28381
28382
28383
28384
28385
28386
28387
28388
28390
28391
28393
28394
28395
28397
28398
28400
28401
28403
28405
28407
28408
28409
28411
28413
28415
28417
28419
28420
28422
28424
28425
28426
28428
28429
28430
28432
28434
28435
28437
28438
28439
28443
28444
28445
28447
28448
28449
28450
28451
28452
28453
28454
28456
28458
28460
28461
28462
28463
28464
28465
28466
28468
28469
28471
28472
28473
28475
28476
28477
28478
28479
28480
28481
28482
28483
28484
28486
28488
28489
28490
28492
28493
28496
28499
28502
28503
28505
28506
28507
28509
28510
28511
28512
28513
28514
28517
28518
28522
28523
28524
28526
28527
28529
28530
28532
28533
28534
28538
28540
28541
28542
28548
28549
28550
28553
28555
28556
28559
28560
28562
28563
28565
28567
28568
28569
28570
28571
28572
28573
28575
28576
28578
28580
28581
28583
28585
28586
28588
28590
28591
28592
28593
28594
28595
28598
28599
28600
28601
28602
28603
28605
28606
28608
28609
28610
28612
28613
28614
28615
28616
28618
28619
28620
28621
28623
28624
28625
28626
28627
28628
28632
28633
28635
28637
28638
28639
28640
28641
28642
28643
28645
28646
28647
28648
28651
28652
28654
28656
28657
28659
28660
28661
28663
28664
28665
28666
28668
28670
28672
28674
28675
28676
28679
28680
28681
28682
28683
28686
28687
28688
28689
28690
28692
28693
28694
28696
28697
28698
28700
28701
28704
28705
28706
28708
28709
28710
28711
28714
28717
28719
28720
28721
28722
28723
28724
28725
28726
28727
28728
28732
28733
28734
28739
28740
28742
28743
28744
28745
28746
28747
28748
28749
28751
28752
28753
28754
28755
28756
28758
28760
28761
28763
28764
28765
28766
28768
28771
28772
28775
28776
28777
28778
28779
28780
28781
28782
28783
28785
28786
28787
28788
28790
28792
28795
28796
28801
28802
28805
28806
28807
28808
28809
28810
28812
28813
28814
28815
28819
28820
28821
28822
28823
28826
28827
28828
28829
28830
28831
28834
28835
28836
28837
28838
28841
28842
28844
28845
28847
28848
28851
28852
28853
28855
28856
28860
28861
28865
28871
28873
28874
28875
28876
28877
28879
28880
28881
28884
28885
28887
28888
28890
28891
28892
28893
28894
28896
28898
28899
28900
28901
28902
28903
28905
28907
28908
28910
28911
28912
28914
28916
28919
28921
28922
28923
28924
28926
28928
28929
28931
28933
28934
28935
28936
28938
28941
28942
28943
28944
28946
28947
28948
28949
28950
28951
28953
28954
28955
28957
28958
28959
28960
28961
28963
28964
28965
28966
28967
28968
28970
28972
28973
28974
28975
28976
28978
28979
28980
28981
28982
28983
28984
28985
28986
28987
28990
28991
28993
28994
28996
28997
28998
28999
29000
29001
29002
29003
29006
29007
29009
29010
29011
29012
29016
29017
29018
29019
29021
29022
29023
29024
29025
29026
29027
29028
29029
29031
29035
29038
29039
29040
29041
29042
29044
29045
29046
29048
29049
29052
29054
29055
29056
29057
29058
29059
29060
29062
29063
29065
29067
29070
29072
29073
29075
29076
29077
29078
29079
29080
29082
29084
29086
29088
29089
29090
29091
29093
29094
29095
29097
29098
29099
29100
29102
29103
29105
29106
29109
29111
29112
29113
29114
29115
29116
29117
29118
29119
29120
29121
29122
29124
29125
29126
29127
29128
29129
29130
29132
29133
29135
29136
29138
29141
29143
29144
29145
29146
29147
29148
29149
29151
29153
29155
29157
29159
29160
29161
29162
29163
29165
29166
29168
29169
29170
29171
29173
29174
29175
29176
29177
29178
29180
29182
29183
29186
29188
29189
29190
29192
29193
29194
29195
29197
29199
29200
29201
29202
29203
29204
29206
29207
29210
29211
29212
29213
29214
29216
29217
29218
29219
29220
29221
29222
29223
29227
29230
29232
29233
29237
29238
29240
29241
29243
29244
29245
29248
29249
29250
29251
29252
29253
29254
29255
29256
29258
29260
29262
29263
29264
29266
29268
29269
29270
29271
29272
29273
29274
29275
29276
29278
29280
29281
29282
29283
29284
29285
29286
29289
29290
29291
29292
29293
29294
29295
29296
29297
29299
29300
29301
29302
29304
29306
29307
29308
29309
29310
29312
29313
29314
29315
29316
29318
29320
29321
29322
29323
29325
29326
29327
29328
29329
29330
29331
29332
29334
29335
29336
29339
29340
29342
29343
29344
29345
29346
29347
29348
29349
29350
29351
29352
29354
29355
29356
29357
29358
29359
29360
29362
29363
29364
29366
29368
29370
29371
29373
29374
29375
29379
29380
29381
29383
29384
29386
29387
29390
29392
29393
29394
29395
29396
29398
29402
29404
29405
29407
29408
29409
29410
29411
29413
29414
29415
29417
29418
29421
29424
29426
29427
29429
29430
29431
29432
29433
29434
29436
29438
29440
29442
29443
29444
29447
29448
29449
29450
29451
29453
29454
29456
29457
29458
29459
29460
29467
29468
29469
29470
29471
29472
29473
29474
29475
29477
29480
29481
29482
29483
29484
29486
29487
29488
29490
29491
29492
29493
29494
29495
29496
29497
29499
29501
29502
29505
29508
29509
29510
29511
29512
29514
29516
29517
29518
29519
29520
29523
29524
29525
29526
29527
29528
29530
29532
29533
29536
29537
29538
29539
29540
29541
29542
29543
29545
29548
29550
29551
29553
29554
29555
29556
29557
29558
29559
29561
29564
29566
29567
29568
29569
29570
29572
29573
29574
29578
29579
29580
29581
29582
29586
29588
29590
29591
29592
29593
29595
29596
29597
29598
29599
29600
29601
29606
29608
29609
29610
29611
29613
29616
29617
29619
29622
29623
29624
29625
29628
29629
29630
29631
29632
29633
29634
29636
29638
29640
29641
29642
29643
29645
29646
29647
29648
29649
29650
29651
29652
29653
29656
29657
29659
29660
29661
29662
29663
29664
29665
29666
29667
29669
29671
29672
29675
29677
29678
29679
29680
29681
29683
29684
29685
29687
29688
29689
29691
29692
29693
29694
29695
29699
29700
29701
29702
29703
29705
29706
29707
29710
29711
29713
29714
29715
29716
29717
29720
29721
29722
29724
29725
29728
29729
29730
29731
29732
29733
29738
29739
29740
29741
29742
29743
29744
29745
29746
29747
29749
29751
29753
29754
29755
29756
29757
29758
29759
29760
29761
29764
29765
29766
29768
29769
29770
29771
29772
29774
29775
29776
29777
29779
29780
29786
29788
29790
29791
29792
29793
29794
29795
29796
29797
29799
29800
29801
29803
29806
29807
29809
29812
29814
29815
29817
29818
29820
29821
29822
29823
29825
29826
29831
29832
29833
29834
29836
29838
29839
29840
29841
29842
29843
29844
29845
29847
29848
29849
29850
29851
29852
29853
29856
29858
29859
29860
29861
29862
29863
29864
29865
29866
29867
29868
29869
29871
29873
29874
29876
29877
29878
29879
29880
29881
29882
29883
29884
29887
29888
29889
29890
29892
29893
29894
29896
29897
29900
29901
29903
29905
29906
29907
29908
29909
29910
29914
29915
29916
29918
29919
29920
29921
29925
29928
29930
29931
29933
29935
29936
29937
29938
29943
29944
29945
29946
29947
29948
29950
29951
29952
29953
29954
29955
29956
29957
29958
29959
29960
29961
29963
29964
29965
29967
29968
29969
29970
29972
29973
29974
29975
29976
29977
29978
29979
29980
29981
29982
29983
29984
29985
29986
29987
29989
29991
29992
29993
29995
29996
29997
29998
29999
